duration,protocol_type,service,src_bytes,dst_bytes,flag,land,wrong_fragment,urgent,hot,num_failed_logins,logged_in,num_compromised,root_shell,su_attempted,num_root,num_file_creations,num_shells,num_access_files,is_guest_login,count,srv_count,serror_rate,srv_serror_rate,rerror_rate,srv_rerror_rate,same_srv_rate,diff_srv_rate,srv_diff_host_rate,dst_host_count,dst_host_srv_count,dst_host_same_srv_rate,dst_host_diff_srv_rate,dst_host_same_src_port_rate,dst_host_srv_diff_host_rate,dst_host_serror_rate,dst_host_srv_serror_rate,dst_host_rerror_rate,dst_host_srv_rerror_rate,label
129,udp,smtp,13488,10422,SH,1,1,0,3,2,0,2,1,0,5,2,1,2,1,178,186,0.22895730875700537,0.1245019936918288,0.4459735150105043,0.8821758757886216,0.9570841616427703,0.6465535353419896,0.7134995471905632,215,75,0.8759141771113197,0.6491543330501953,0.6447110479567484,0.9242604842711426,0.8039012963824924,0.5582572573993787,0.8070626034170167,0.4696790734076698,probe
87,tcp,http,29119,15072,SH,0,0,0,4,0,1,7,0,1,2,3,0,3,1,93,61,0.4053571261962017,0.8152973362866984,0.7063800182628762,0.5330139802434417,0.42345743589874585,0.4178295156640527,0.8025424971596946,113,62,0.7406063346160638,0.010488141496142522,0.8638088728462002,0.6868216096398334,0.22702555503370314,0.894680049851062,0.845432935862911,0.4027485465113051,probe
236,udp,ftp,45644,888,SF,0,0,0,3,1,1,5,1,0,5,3,1,3,1,47,178,0.7223962957812028,0.5019470150420058,0.716003584384713,0.5101421271051555,0.3012722946036793,0.30700734721694223,0.0714988063788129,47,79,0.21988690684058565,0.440728176526867,0.6195729097249407,0.49950198430875137,0.44657789767855716,0.9769321473112861,0.09039563284766927,0.6618087019590722,normal
180,udp,ftp,30879,25873,RSTO,0,1,2,2,2,0,3,0,0,0,4,0,4,0,41,77,0.14108599828086965,0.500440641489205,0.16634873197689015,0.40235687903404316,0.9134607614450589,0.19401068428786516,0.5373791214748995,135,209,0.3054512721236896,0.11391679904386143,0.47365458270444405,0.7050939885040759,0.26559820251348165,0.07644120199309745,0.44131142388928213,0.5865385475462533,normal
189,tcp,ssh,21143,36937,SF,0,0,0,0,4,0,3,1,0,1,0,1,4,1,61,163,0.761108645745687,0.11159490136211292,0.6934208761146345,0.25513438183019344,0.16974669560204203,0.3793527088123452,0.3021838320089254,34,251,0.9426372402305507,0.19240052465304758,0.16851129161843859,0.83763014144099,0.761661699740118,0.1076164510761366,0.20630769844851882,0.7511611696873797,r2l
143,icmp,smtp,35422,27774,S0,1,1,1,1,2,1,2,1,0,9,1,0,1,1,145,31,0.46416014970581587,0.03932596313478398,0.4789938054139523,0.07931832369861969,0.33273758897408146,0.34439491025606517,0.8910615128129519,214,39,0.5587038104636864,0.9648372677031688,0.564403050749098,0.440507362229567,0.05473295400479761,0.8452445155489644,0.30751756036177413,0.7701485660060892,dos
152,icmp,http,16092,20592,SH,1,1,1,0,4,0,7,1,0,7,3,0,1,1,135,157,0.9944879669823723,0.16543686237002508,0.24012130988915215,0.6575650632120925,0.9981985828377619,0.9332181159693598,0.9268692369733241,46,52,0.2923138871547887,0.020494028273713272,0.25876505804479,0.3304663174733966,0.9268537451096304,0.13770802973351104,0.9839970882262746,0.864723705382781,normal
119,icmp,smtp,2808,22375,RSTO,0,0,2,1,2,0,9,0,0,5,1,1,3,1,99,40,0.5268407495945786,0.25668635864965195,0.019903808715719284,0.9071682727271281,0.02379757102852742,0.07037330169265832,0.9541425705176926,182,126,0.7943407886075228,0.7413042289291712,0.7872461557091244,0.29008712537564685,0.05442180149940834,0.6526878634266498,0.3275301016923212,0.12402139899541365,r2l
124,icmp,http,47952,7902,REJ,1,1,1,0,1,0,6,0,1,2,0,1,0,0,98,28,0.6945947239392938,0.6313076080490865,0.9468913234865219,0.0956448989292017,0.7974006521428213,0.47122405238714193,0.7667951384165455,159,144,0.732227473300176,0.9462086516496293,0.5249402572491467,0.2746458428950663,0.5153923687183684,0.12043266661714846,0.8924713874499265,0.4133521405298286,normal
273,udp,smtp,48741,33174,RSTO,0,2,2,1,2,0,2,0,1,1,2,1,4,1,129,186,0.5546574424966406,0.19086388267976528,0.2823296591779746,0.6345382975418686,0.39687240833608906,0.9605525146645938,0.7149615120098312,153,136,0.6261504296847904,0.16873904420659036,0.050993129432532314,0.09821544817902506,0.028112851555037954,0.7149987602581678,0.30090765317561274,0.01869655133162662,dos
118,icmp,http,15035,36477,RSTO,0,2,0,4,4,0,9,0,1,7,1,1,4,0,180,169,0.13215184735055163,0.5991787868745995,0.875228737848594,0.4268932151465398,0.651787910332135,0.39547751559412125,0.7480914374787632,39,93,0.49874447509485575,0.2506665117602658,0.2008500592293746,0.26936284630269713,0.7555428121271006,0.8122855815423206,0.7175096336596148,0.619874189749277,dos
18,icmp,ftp,13136,152,SH,1,2,0,4,4,1,0,1,0,2,2,1,2,1,69,20,0.31701846322382354,0.6773755901419759,0.14460875561505027,0.7791710836950559,0.15160676147608843,0.010696044446446007,0.33457837219559494,243,24,0.194121931939657,0.10317365602241291,0.3163372514257774,0.14273758559389793,0.09994326133960574,0.645732104872925,0.652842329420613,0.15164114910364823,normal
187,icmp,smtp,3292,2850,SH,1,1,1,3,4,0,7,1,1,3,0,1,1,0,52,77,0.10258271838548139,0.12859761195614972,0.3396393155264339,0.7133460743232395,0.20340682675400668,0.7013202152455476,0.7199156634913872,0,169,0.35625832861720863,0.7043519734251692,0.2706285541846942,0.6692841661947893,0.843704419143485,0.31269399854721425,0.6839879686290946,0.914198298142612,dos
4,icmp,smtp,40908,8615,S0,0,0,1,3,1,0,4,1,0,9,1,1,3,0,142,117,0.04894930561958599,0.050624405390542804,0.9487089015426184,0.049129520982332364,0.3373712522618775,0.5720666373652005,0.9718870757802014,59,78,0.2648787165896037,0.7189452224282706,0.482580172131167,0.11697247892101059,0.6507294901157025,0.7695742447474838,0.3870044177454197,0.996073367289442,r2l
130,udp,ftp,14027,49645,REJ,0,2,0,1,2,1,9,0,0,4,0,0,2,0,75,46,0.3348452394270153,0.9815917640712687,0.3775321295570897,0.33483546948935794,0.19529443630219234,0.6323707767397585,0.28781677450494325,161,45,0.3252653790404094,0.8205312533827375,0.24703828728733734,0.12261978282999675,0.5266435633232502,0.1392120954258127,0.8598008190353356,0.15594695959295368,normal
77,icmp,http,8728,33741,SF,1,1,0,2,4,0,8,1,0,9,1,0,3,0,61,190,0.8514856148848292,0.09614341816297567,0.04057835047375391,0.19687755135769702,0.3852647766001698,0.005745011586273274,0.20590911431188208,127,184,0.5693961418773733,0.20188413518557546,0.7618256642753395,0.6461616832827917,0.9706051376260696,0.38333301643377227,0.010289396330157352,0.9509810223260909,dos
277,tcp,domain,3240,16330,SH,0,2,1,3,2,0,0,0,0,1,2,0,4,0,153,175,0.5765629369464548,0.06145921324649828,0.7771063845599301,0.13162050593794228,0.39885997429456277,0.23489346561881352,0.20921287376996922,5,233,0.7581967630778648,0.2090481431361132,0.9521892959727185,0.2654033691211456,0.34565905622425463,0.3232976723862595,0.04262059484914715,0.6182615970322313,r2l
76,icmp,http,33231,49665,SH,0,1,2,3,4,1,5,0,0,4,3,1,1,0,122,137,0.529134380430668,0.2238057052542345,0.928239419272935,0.26277681910940787,0.31484436802733007,0.5875602034553373,0.1265588598426446,4,142,0.05947091315453179,0.6457326976088549,0.45221452856913835,0.04121675486667031,0.650587243676727,0.2671699078803833,0.008810459619649769,0.895288532969713,dos
258,icmp,ssh,45603,35841,REJ,1,2,2,4,4,1,6,1,0,6,2,1,3,1,43,30,0.7562380034558951,0.8506791421388555,0.1948842133739659,0.19849494095261166,0.6062577228910495,0.5311047509959532,0.8220055421939695,130,172,0.5404014493471299,0.4267809552493772,0.4090364291275459,0.9589882470192944,0.9953102840586222,0.4158486253074519,0.8181716717722218,0.04454611283074783,probe
297,icmp,smtp,41749,25666,S0,0,2,2,4,4,1,9,0,1,2,2,1,3,0,198,83,0.07706809214812949,0.07856183061862287,0.4704694116950857,0.9580492232173666,0.9202770072232993,0.0590040099963679,0.20081680245076905,248,5,0.8649094157799933,0.7598343813244667,0.12013778265824515,0.9015778594285176,0.9660984572366459,0.313725144163313,0.8483173747087058,0.6005706435221755,u2r
226,icmp,http,49219,25159,SF,0,1,2,1,3,0,6,1,0,8,1,0,3,1,105,193,0.45056649121900505,0.6428715236075903,0.6584739232641206,0.1382923809801644,0.8162312245800857,0.4262259609472576,0.5384568197763666,184,239,0.49710199220490126,0.28448456577676595,0.5809975305658552,0.28593135914279455,0.2417056841052213,0.6861779629808538,0.5455503543482378,0.8589391042361773,u2r
271,udp,domain,2733,47348,RSTO,1,2,2,1,0,1,1,1,1,6,1,1,3,1,157,139,0.531966136932325,0.2601028559357783,0.7624919991653835,0.9551360022910355,0.09090866777638218,0.8248273333264833,0.7536144988494077,76,209,0.7398855125166202,0.9039140032180665,0.13877554768123346,0.3360192604614499,0.041641643938297945,0.9777830935937945,0.5585784465884833,0.9727636851832574,u2r
37,icmp,http,1366,27000,RSTO,0,2,0,3,1,0,2,1,0,2,0,1,0,0,144,180,0.4805176468095672,0.059884898203861336,0.8511753315837528,0.4389484282567765,0.728943807980465,0.16732447182344745,0.6268712667729196,71,227,0.06610917334329003,0.49751437475296634,0.11613769504743765,0.3896862947602452,0.9183104173005132,0.8299025708818606,0.5598441022685083,0.9505123210604118,dos
135,udp,ftp,15474,27010,RSTO,0,1,2,2,1,0,4,1,1,3,2,1,2,1,106,195,0.10896797147221216,0.39150632118484197,0.9345452290969232,0.043422767509501914,0.5549397887661137,0.693464174743909,0.4839398366124197,38,62,0.7191456776800568,0.5920183320069368,0.9067356997881136,0.3417597503984785,0.44586538158897737,0.2154387050538742,0.056159452742746585,0.7122986391307881,probe
212,tcp,domain,32517,20823,REJ,1,0,1,2,3,0,1,0,0,1,2,0,3,1,180,60,0.2901741594394832,0.7800084502079949,0.15409692909512396,0.13818513431909285,0.436172389502257,0.5068342985989844,0.85706356375098,126,136,0.34613977956794795,0.6630665626974632,0.8156614827217851,0.725061750688172,0.09441506396811028,0.6749009126757347,0.8774457991663238,0.6998376696210613,probe
275,tcp,domain,40317,20684,S0,0,2,0,4,3,1,9,1,0,7,3,1,2,1,169,26,0.4108293873138098,0.9074788101603699,0.038135530547372065,0.25297722504298303,0.8693098155676856,0.5661193737434002,0.7344598462707694,165,104,0.057667280115436204,0.0724134797617606,0.11230247603005283,0.2492031709760073,0.16664087155612972,0.3692054919839176,0.33623651642609853,0.7276008724936045,dos
250,icmp,smtp,17822,48009,SF,1,0,0,4,4,1,9,1,0,3,0,0,0,0,15,21,0.9925719763035085,0.5620461302735671,0.9034333173762857,0.5360330332037723,0.9522753643802484,0.9089328030514813,0.6951171212006384,184,132,0.16260306850583373,0.271290253976076,0.7515275051389014,0.44975126991280334,0.14239293143757825,0.2661828736891101,0.704043303037072,0.5154385223687874,probe
205,tcp,smtp,44623,46967,REJ,1,2,0,1,3,0,9,1,0,4,2,1,2,1,45,51,0.3744178418071399,0.5101673740368226,0.23035251616205243,0.9556484539043236,0.5845398545076461,0.21073525224707812,0.024505370238214086,202,10,0.0580187369593842,0.01811075388739347,0.6789578386364162,0.8863590639687067,0.05406920769699386,0.35314635589826604,0.597290836371013,0.7005517711687175,u2r
221,tcp,http,45138,3134,RSTO,1,1,2,4,3,0,1,1,0,7,1,0,0,0,123,105,0.6621316905396673,0.37613698122987205,0.34709725859712626,0.12473813991373517,0.5944405160503694,0.14479065455224416,0.5838368843177969,165,224,0.41820479060660676,0.16829342171427752,0.031883481077619624,0.8265765562306999,0.6700960397330876,0.770211355971884,0.027308577018521296,0.5313083408629629,normal
207,icmp,domain,3151,24531,S0,1,1,2,0,1,1,6,0,1,9,1,0,2,1,29,117,0.36519313020374033,0.8804995690178747,0.30466180664201337,0.03657837161791255,0.9159425831544534,0.7543769917836587,0.025347894385093328,175,41,0.03807901750218945,0.3428191077453361,0.5559935502657948,0.1981836233547274,0.6920816666796723,0.5322764553805328,0.6856773704717006,0.16998343601344812,normal
2,icmp,smtp,47642,9225,S0,0,2,0,3,3,1,6,1,1,1,3,0,3,1,171,179,0.023042476101938214,0.32308748095070716,0.7453219873939861,0.579168051939855,0.5407084622594092,0.5328430382272084,0.4874412953799434,30,146,0.7463122362103279,0.838023410895536,0.9578917598667661,0.6393155856871829,0.16938681940715272,0.18353526149323296,0.05330502175212459,0.11570917762334687,normal
222,tcp,ssh,42594,15395,REJ,0,0,1,2,0,0,7,1,0,8,2,0,3,0,68,112,0.2726231927845726,0.19194146772957965,0.8732232791646256,0.18807700377962633,0.7356171834395673,0.2172748510676168,0.3377807459591391,130,67,0.25721057259239044,0.24940054091185615,0.6795612629141387,0.4712206801548815,0.6631611795652513,0.5168520245140258,0.916263481750589,0.671262111593612,r2l
263,icmp,ftp,45458,49600,SF,0,2,2,0,1,0,0,0,1,9,0,1,4,1,57,80,0.10288701775411013,0.0291744393123331,0.22341302944546093,0.4425245559541132,0.5059897268602656,0.30107227596666264,0.3599360166583234,135,37,0.5532934153803712,0.8196743672918995,0.4244553232898187,0.005424225692775897,0.33199846583957204,0.96701776153968,0.7047591492947576,0.7772773902743563,r2l
73,icmp,domain,49032,38688,S0,0,1,0,3,1,0,6,0,1,1,1,0,1,1,14,109,0.7748728438465584,0.5217920370008964,0.30301949985317034,0.2647959976945031,0.5648232983718381,0.45994961302531057,0.863353357674694,252,96,0.5507261313629357,0.7974043438195124,0.9237370006773514,0.1889349933163874,0.026119940861367708,0.498538786482866,0.7066694760111997,0.2378230945809322,normal
204,tcp,http,18237,43837,SH,1,1,1,1,1,0,5,0,0,1,2,1,2,0,106,188,0.9231062563478546,0.5654831341827853,0.22886051701295007,0.4426310414895571,0.14187964726455904,0.5632304204040998,0.6262667771878033,247,131,0.5073589580043305,0.21289687978560357,0.907270355430348,0.9754361128594412,0.6689335041496642,0.3088827465733718,0.3691775262553828,0.38326002439071527,probe
299,udp,ssh,18784,36797,REJ,0,1,1,2,3,0,5,0,0,3,2,0,4,0,124,71,0.04538122671079181,0.4190595327553266,0.7402574495020778,0.2383608908233753,0.43772315465763434,0.5007811507096157,0.8220628016265045,2,185,0.15612341675411534,0.41221122992789616,0.6797116591080408,0.7445605029079817,0.5325047160902645,0.5992815549898934,0.21161560184895134,0.004644576693066171,dos
198,icmp,smtp,24742,36286,SH,1,2,0,1,1,0,7,1,0,1,1,1,1,1,155,163,0.18215641615206168,0.7935628834075599,0.7686371382543475,0.656401064710838,0.5810541329309274,0.18148372795662726,0.8702569966505989,71,215,0.13611171645388986,0.23404271815587874,0.19846929164471894,0.45936445626652933,0.5651152219099145,0.9351472023237588,0.5634157148544117,0.9092557192053153,probe
276,udp,smtp,9179,12104,RSTO,0,0,0,4,2,0,9,0,1,3,3,0,0,1,119,168,0.6248792453331824,0.24747174765612723,0.4647418588379386,0.5773431662633876,0.17960381625659483,0.6766442491844862,0.8543551353223926,158,36,0.6294453068688943,0.5316318878369455,0.3464357272089357,0.9176463156428589,0.7305059972777663,0.5243184965175696,0.15572006615999456,0.9214297789636822,u2r
146,tcp,http,25130,40746,SH,0,1,2,3,1,1,8,0,0,7,4,1,1,1,139,165,0.6700144986143004,0.5280268697947793,0.0060501225823816895,0.8582897711561688,0.17672374753532583,0.540974606872733,0.5640876650743497,20,166,0.18834129397010657,0.35280513008456915,0.17695219950067387,0.20142382319185814,0.710426003621165,0.4890196852433881,0.8232261331279354,0.4893900047304921,normal
112,tcp,domain,33243,280,SH,1,2,0,4,0,1,5,0,0,4,4,0,3,0,146,45,0.4925379286846513,0.946234949915687,0.8571086132665782,0.39161643630436604,0.037606813435283604,0.7847435813128258,0.598386145774823,206,76,0.7800012928641663,0.7209240601377046,0.37714709940337965,0.6619419553352566,0.417148280104111,0.4850212958775799,0.9177052391918223,0.6906388374674667,probe
216,udp,ftp,28656,23694,S0,0,0,1,3,2,0,2,0,1,2,1,0,2,1,166,185,0.697928486380399,0.9022573349506877,0.9508248280504756,0.6192311303776709,0.35505828901050906,0.7230172981578282,0.2216540012434841,221,156,0.2626745094073206,0.24939345251502631,0.8665424497769253,0.5846141091434222,0.5078609808379924,0.4032645855270637,0.6489837747659973,0.7523230468795303,u2r
72,udp,ftp,16149,273,RSTO,1,0,1,0,1,0,7,0,1,7,4,1,0,1,70,7,0.6758452404688965,0.8236164808047093,0.2041323069619675,0.20721857060105586,0.10255005336126777,0.0019788928544480777,0.28414630455434753,190,163,0.13577776635059235,0.5155724377364571,0.8532021334959384,0.2900116230620077,0.9151942106872029,0.8959992433351883,0.36843792665262554,0.1721458320161623,dos
279,icmp,domain,12746,38075,S0,1,2,1,1,0,0,9,1,0,3,4,0,4,0,133,22,0.27486446999917236,0.9154913851832255,0.32756663801942065,0.9253307410248174,0.8218007101678818,0.3990740987130337,0.18379950266027179,183,36,0.05643686274037241,0.15595755564913805,0.5209631462955777,0.21109705117982414,0.24807197864279062,0.767370319484763,0.5970429313909961,0.4877683530458967,normal
59,tcp,domain,38352,23514,S0,0,1,1,3,1,1,9,0,1,6,2,1,3,0,169,177,0.2093904564521717,0.47598264134437307,0.4116053025790303,0.787213303519578,0.6262269513156219,0.9354036487869761,0.7450607411419962,3,182,0.21648637808761106,0.8450450194541362,0.5076585999579732,0.11876273003753635,0.3568352108199637,0.25171624270048276,0.32765771464048665,0.10465222571468347,probe
143,udp,ftp,37618,32863,REJ,0,0,1,0,2,1,5,0,0,2,0,1,0,0,155,175,0.93929432445419,0.6347392064238631,0.3191401535550106,0.9382904769377568,0.47754634846089905,0.13415645270596877,0.1660411118714047,56,227,0.6358978250223238,0.3158945236761881,0.14802121162927873,0.4703644603596858,0.66802761866161,0.217141310533438,0.32354977993237266,0.31652517451521855,normal
65,icmp,smtp,43546,39762,SH,0,1,0,2,4,0,2,1,0,1,4,1,4,1,96,32,0.04726254765528015,0.022632131145395862,0.9428938315899578,0.6233020538217493,0.7184476730736767,0.9510107221144645,0.9631725480454408,32,166,0.6779253875201868,0.5096174667666415,0.6343490512977681,0.7059826700529505,0.5169288145418948,0.8710042415272802,0.29303622367774196,0.17552041642353167,normal
184,tcp,ftp,1565,29976,SH,1,2,2,0,2,0,9,1,0,6,3,1,0,0,168,124,0.4394923125295309,0.776858733260925,0.9073812938358277,0.2860234125806379,0.5315179873023964,0.5871748842670476,0.8206195470441152,33,98,0.8329335663006808,0.823575864641659,0.9931179822580057,0.4099257226131783,0.10521042539013392,0.6556113053603322,0.6330063115319462,0.8538011067831727,probe
93,tcp,ssh,49671,13094,SF,0,1,1,2,4,1,6,0,1,9,4,1,0,0,165,164,0.058195708768778,0.7970546927161105,0.05559238017552692,0.03603521156351108,0.3575835366697939,0.18768558527023738,0.020399709019667922,208,10,0.7282534786052631,0.4847648205522933,0.12263006737033288,0.07398844261942616,0.3594847057937901,0.28718770007741734,0.17444636369044786,0.2587758111967725,probe
252,icmp,http,42525,6089,SH,0,1,2,3,2,1,0,0,0,2,3,0,4,0,186,103,0.27996143157359854,0.1314144248054011,0.26168810949400945,0.5059644497330559,0.7236185467537173,0.22248081094896544,0.6341003410516377,201,197,0.36435490750740895,0.07335138600360847,0.6748450933376549,0.2968416245000751,0.5438274995254446,0.12872521093908085,0.9631419730742862,0.15334604611449854,dos
192,icmp,ssh,20978,2540,SF,1,1,1,3,0,1,8,1,0,7,2,1,2,0,163,0,0.9360490239970924,0.8886927203551324,0.7952678598600547,0.8171989678392962,0.41386655295435504,0.9565160698297424,0.25330691941593464,122,183,0.24920487982036144,0.38599250867012314,0.604036617484487,0.4923968601723534,0.18990371631215297,0.7956862639395264,0.5221210474378328,0.03342174679943366,dos
273,tcp,ftp,47857,48044,S0,1,2,2,1,1,0,4,0,1,2,1,0,4,1,191,99,0.459090792728175,0.6734211490396842,0.043796933646665814,0.4982095241821005,0.7260956439327031,0.6180693045474113,0.9158658325532192,9,248,0.9193141499877963,0.5344313783423514,0.38595895562919347,0.6551826439438065,0.1598397916859602,0.19867562666854632,0.8652546428158815,0.601821518910192,u2r
241,icmp,ssh,48780,29916,SF,0,1,2,4,4,0,8,1,0,6,1,1,2,0,60,2,0.8364398195694457,0.7519207547763137,0.8506324209221919,0.26589410718828344,0.7000095622493137,0.01606477806602824,0.27450421802391023,56,13,0.36219001102557713,0.12315082972976199,0.4116427642192717,0.5541773636063982,0.7346652189871352,0.23337433878798253,0.9153057483440171,0.7072106540864379,r2l
234,tcp,domain,18235,22535,SF,1,1,2,1,0,1,9,0,0,1,1,0,3,0,167,114,0.4155237076543835,0.7166917635466064,0.2896898655908604,0.42159401164808874,0.9774264432120762,0.962289626409687,0.5564288785529016,181,70,0.04763590561246267,0.06450822261795297,0.7222812675358418,0.03506339248205881,0.017039672952339324,0.1294760270551094,0.9301329570208569,0.8238442260164556,probe
272,tcp,smtp,18337,36108,S0,1,0,0,0,1,1,3,1,0,6,4,0,4,1,153,77,0.11165088098473142,0.26925743105257227,0.38145340953477225,0.6952241360319444,0.006234027599409719,0.20672107333531586,0.7722422103335286,10,194,0.1486353250260457,0.9096699914675448,0.36633647912290446,0.3307258593621968,0.9471819015381754,0.37738638441679195,0.5016689757592092,0.621465132048364,dos
20,tcp,http,48476,9340,REJ,0,1,0,1,2,0,8,1,1,2,4,0,1,1,101,73,0.9779584539116597,0.4552489428498163,0.08381199382632587,0.012033294023144459,0.23347458031895973,0.34549843526234236,0.536214311695311,18,121,0.9856601708787368,0.17560616115984284,0.8802441111869517,0.9867165306566381,0.47099138298813736,0.734570642527496,0.7031313896919088,0.36863671471773574,u2r
156,icmp,ssh,37140,8295,REJ,1,0,1,3,4,0,8,0,1,6,3,0,2,0,172,85,0.21304578613037162,0.39279101204139777,0.11358839081016903,0.4948008917701696,0.7116731776609494,0.8634141325907518,0.4915332367817331,59,10,0.33969775192393814,0.8462855943480193,0.32494989446684397,0.6476906121724828,0.4657430987237813,0.6501623406805065,0.7967702325542771,0.2402276086465096,normal
138,tcp,smtp,35109,13126,REJ,0,1,0,0,1,0,6,0,1,7,3,0,0,0,105,4,0.001147036005071378,0.41872951498667943,0.5926120497270978,0.826660080315833,0.07156623390984385,0.6826508351698168,0.7489851853929254,194,114,0.3311240494320029,0.5615171332363583,0.8121359253141487,0.9836883463223043,0.02998331659700515,0.8510081880963908,0.45985141775005567,0.17163944834706446,normal
76,tcp,smtp,15109,34235,SF,1,2,0,2,4,1,4,1,0,7,0,0,2,0,194,172,0.01253840837089193,0.10035325838357367,0.595009113612631,0.7260541385797087,0.6985559612596285,0.0900365827264984,0.5858496104142636,138,178,0.7136803939467572,0.41434581464432185,0.28555930076499036,0.7509113092305958,0.009552964941320408,0.12393772354169641,0.5838298554465989,0.12654180588992803,r2l
89,icmp,domain,27086,45346,S0,0,1,1,0,3,1,4,0,1,7,3,0,3,1,162,168,0.4229444596452874,0.6040358524943502,0.8863359422031059,0.4120345223108808,0.9605005190492953,0.055109969500470646,0.4561501969845364,34,225,0.2601808157233312,0.841523584618241,0.6642623627419961,0.9459834308266706,0.5134583108078333,0.3204492197693366,0.3911274309944889,0.0785939218448577,probe
270,tcp,ftp,48279,140,RSTO,0,2,1,4,4,0,5,0,1,1,1,1,3,1,51,181,0.8854059929290041,0.4420484163263583,0.39675723542180574,0.7285243689215066,0.797485920588914,0.7311009470829087,0.05355592289815925,30,170,0.8874685975917482,0.4286781720656877,0.3000315626509501,0.958053795668697,0.7590798100269758,0.478827184253946,0.2788514610706122,0.28293058382036784,dos
244,icmp,domain,31163,18524,REJ,0,0,0,4,2,0,3,1,0,4,2,1,2,0,106,120,0.7145702244501033,0.665187438132547,0.07052303950012495,0.09433978192941539,0.7226691217296718,0.16229077495936828,0.28536970173821397,106,168,0.9123252490286128,0.04312438393315121,0.31342483766963547,0.5737708526650359,0.5745691809573501,0.2805157086553214,0.4764325256056906,0.6886856184012868,r2l
168,icmp,ssh,20512,11770,RSTO,1,0,1,2,4,0,8,0,1,6,1,0,4,0,65,171,0.3764211090249383,0.1567612062399244,0.4343584883536077,0.6977943871169776,0.43995098082638184,0.771325374017942,0.7166338392910453,167,122,0.3673506322356841,0.7434777884098043,0.29606767823115676,0.5918471512183234,0.6088379304347697,0.03531706177845284,0.5583091146144888,0.41645673339028855,normal
208,udp,domain,13494,45409,SF,1,2,2,4,4,1,7,0,1,1,2,0,1,0,51,192,0.5910813111967733,0.8785552837311552,0.7104195052969209,0.3843873420122169,0.4710450254908549,0.7753896482800527,0.7921891561071044,250,229,0.3187207678852886,0.658581113018834,0.29221718418034537,0.9327768104519285,0.42666446006424474,0.9012846400213004,0.014286333876587398,0.4475217811716774,normal
196,tcp,ssh,44159,47219,S0,1,0,2,2,2,1,7,0,1,0,2,0,1,1,122,35,0.882922338958811,0.1563190501226488,0.5136133539549402,0.060853132903117446,0.7022568096623333,0.32763003570077265,0.36394296845568685,216,108,0.25993094399563443,0.5761796062250502,0.15132604788795523,0.48574020983958277,0.4940556658004176,0.9495308468954837,0.3280510287195665,0.8173778557614951,dos
176,udp,smtp,14628,23750,S0,1,0,2,0,3,0,2,1,1,3,0,0,1,0,84,71,0.46708603666117643,0.7842852234464975,0.6868902701663373,0.3851597702451005,0.5132918119582128,0.5722007112543752,0.44322040995666356,89,206,0.27548017244436895,0.9093766305128359,0.39348027974949096,0.5806078697012836,0.3578077026285448,0.1881461766613418,0.4027056220406062,0.12323805821624934,probe
63,icmp,ssh,15345,2508,REJ,1,1,0,0,2,0,3,0,1,4,4,0,4,1,116,110,0.5975436986697619,0.5631322370673332,0.1658424914914639,0.07349251525420653,0.9397051995837145,0.3115774975266705,0.9102577563686587,17,99,0.3360654906613305,0.20989602611773384,0.3112615866491967,0.08421930749760398,0.05255254571162493,0.915594840727115,0.7399380343032824,0.796915485913353,r2l
185,icmp,ftp,300,27367,REJ,0,1,2,3,4,1,6,0,1,1,2,1,3,0,35,198,0.2293549167665574,0.755461021642568,0.04364947449373291,0.9736422867874175,0.16726350377530286,0.5334479248066833,0.8332528150510573,72,147,0.4229829467821573,0.2906496622025464,0.8027319157616423,0.111148112394864,0.324869389638496,0.36854371228586413,0.022615690106037478,0.0006919204673806467,u2r
256,udp,domain,35997,32160,S0,0,1,1,4,0,1,7,0,0,8,2,0,4,1,105,44,0.6800221268914418,0.2793031748201038,0.13623083146338144,0.2730548019043709,0.614737563167484,0.5378311789495303,0.9157103492563904,229,18,0.5345167111381603,0.3899123713531156,0.8923378747924933,0.09541010604174804,0.16084137314024505,0.6582608284653958,0.9648036081545641,0.6874204145807609,u2r
253,tcp,ftp,25032,36874,SF,0,0,2,1,1,1,3,1,0,9,1,1,1,1,163,100,0.04485070490018073,0.0323346344824369,0.4756510526508928,0.7479237882662987,0.5800239385473946,0.8843784817825828,0.6688607290860447,29,113,0.44584162271900274,0.8156280606294307,0.38720833530901866,0.008449556192324348,0.9043256991436847,0.44899374521272273,0.28504920296381697,0.45449462855361966,r2l
149,icmp,smtp,38723,13447,S0,0,0,0,0,4,0,0,1,0,7,1,1,0,0,112,170,0.1779150561723728,0.8473446763012202,0.6687809817566426,0.07578738623830628,0.5511942292887778,0.7951883196245023,0.24879944127169962,211,215,0.05910864677275329,0.6027357868631028,0.005292902557936463,0.055245077271553034,0.21009324841602506,0.4933908075124037,0.044615799324704386,0.2014186787166703,u2r
6,tcp,ssh,34787,31932,REJ,1,2,2,2,3,0,1,1,1,4,1,1,2,1,183,140,0.13655962658561172,0.9385205050607353,0.7926977367896808,0.6895617793077667,0.458867772605961,0.19974115494301936,0.2792840171596399,134,61,0.2919792933359179,0.3894308998899808,0.31516023719529285,0.9267933383444279,0.563047277918054,0.4246506639271761,0.7133222157696654,0.9739832496424706,r2l
50,tcp,ftp,1398,47024,REJ,0,1,2,0,2,0,7,1,1,5,4,0,3,0,162,79,0.04586043077017887,0.4318643105272195,0.012267464144958717,0.8813386315853794,0.8062668389844697,0.5237011081563182,0.9887036604596193,46,178,0.823671917938589,0.486857697316347,0.17582263929328767,0.5021324035856699,0.5095780112621182,0.19480089465835448,0.007817777747620047,0.47144414791108746,normal
50,tcp,ssh,42772,24622,REJ,0,2,1,2,0,0,5,1,0,2,4,1,4,1,34,70,0.41330227048878176,0.420117188481696,0.7688867764021046,0.5435866466383172,0.5203336350499485,0.08850346469337667,0.4713327743772663,139,160,0.6742754929386354,0.7780398105459398,0.9946758203579495,0.008657104011488781,0.9375739010393895,0.6115394460941155,0.7436041147708552,0.761702986656789,u2r
168,tcp,ssh,4028,29379,SH,0,1,0,4,3,0,0,1,0,2,3,0,1,1,74,92,0.5529866543180071,0.17122000123206027,0.7181356245824593,0.8536653168485748,0.22102927633116454,0.5634761148829357,0.8334154655668577,207,105,0.9796422310915966,0.13303400214901007,0.44283393079983535,0.014425359479618316,0.5928271301452147,0.6400303290773255,0.5893362075078643,0.15774259380637323,u2r
159,icmp,ssh,18701,6097,RSTO,0,2,1,1,3,0,6,1,1,4,0,1,1,1,136,103,0.9397671167202223,0.3192122963578259,0.13317935925999547,0.992749163942758,0.42719256908319003,0.35340273993212257,0.3083070729177797,71,135,0.5153387591240474,0.7482730506021006,0.907424237254549,0.8780016647291976,0.7203491316713,0.665789394509549,0.49500995735786035,0.6899896845982668,dos
156,tcp,ftp,4504,18655,SF,1,2,0,1,2,0,5,0,1,6,3,1,3,1,61,141,0.340423633452281,0.7189027924593996,0.8997575648120893,0.9603458281501944,0.7080891700947167,0.4993814849007372,0.9316656609687041,42,239,0.26540747938311393,0.22372622078962312,0.4403825189527003,0.4699292850675566,0.9130405730065226,0.6068831437408616,0.2042090055206217,0.05602377037397399,normal
20,tcp,smtp,8580,47098,RSTO,1,2,1,3,3,1,6,0,1,1,3,1,1,0,142,46,0.8343642455336456,0.9667181309110435,0.258574538455009,0.5147748611295827,0.5231688491072055,0.5567677908661326,0.7851015828585075,58,14,0.48634327503798247,0.39373352928335015,0.3230032710109678,0.00682170302972096,0.8725127710849883,0.6576050403593446,0.49836795516637156,0.7376926968378977,probe
172,udp,smtp,15860,5472,S0,1,2,2,0,4,0,1,0,1,6,4,1,1,1,192,118,0.4831261944464613,0.6620370855710516,0.5768720925555957,0.03507361438628265,0.35023657024228416,0.15909499616059442,0.5518859318644664,36,42,0.3607478525603396,0.606216325258485,0.4482140269879141,0.6896759938779069,0.7087483509348498,0.3172387637714371,0.9291228540366923,0.05294000026569168,dos
76,tcp,ftp,24883,18036,REJ,1,2,2,4,0,1,7,1,1,0,0,1,3,1,73,50,0.2624342429434392,0.7098435052916653,0.820707437018029,0.09200308382994515,0.826944634698186,0.45041538451647223,0.8312230787852275,215,10,0.14597574597540597,0.9972950867077323,0.09205558949712844,0.8334193803151384,0.7841743655894206,0.5911242085532921,0.9595593350971876,0.3974275080608318,dos
216,icmp,domain,38541,17931,S0,1,1,1,1,1,1,6,1,1,7,4,1,4,0,78,97,0.9627646251279846,0.993670461864022,0.516980306859885,0.9958714027330353,0.6451325700530383,0.12830881206914435,0.7943427308829746,184,164,0.8072112740024635,0.6938446612705856,0.2659206744623889,0.7802332474450088,0.693392030569612,0.08812255939655667,0.7855186628901202,0.31320614686088233,u2r
39,tcp,domain,44886,40047,S0,1,2,0,2,4,0,9,1,0,6,0,0,3,0,49,142,0.328450650981288,0.9828740852253082,0.4192941220915597,0.3134009183671189,0.588258749823591,0.06191598400672227,0.9522370531305279,18,245,0.2758495316573931,0.7782261720439594,0.6048413954555435,0.5478888313595982,0.22758596109871743,0.7662864964801727,0.3916193961746499,0.20521411717140747,normal
203,udp,domain,30725,25766,SH,1,2,1,3,3,1,9,1,0,3,1,1,1,1,121,185,0.7791370626862724,0.003053841340287855,0.9442337863761011,0.5776394843358947,0.9979681694371306,0.07225348772595586,0.07191499401801404,210,50,0.48951323376426426,0.39472921713487696,0.4285861388384189,0.6429989529555299,0.35581634536460927,0.9198076264407634,0.03874776166548555,0.7253224740314559,normal
141,tcp,ftp,994,14808,RSTO,1,0,2,0,0,0,2,0,0,8,4,0,3,0,121,183,0.8747916435052293,0.7742698638062349,0.16253041022930625,0.022040811728073373,0.10031260267466346,0.16217822800625392,0.1313810159286517,44,89,0.41067568621475703,0.8298852776425263,0.3978440141950981,0.2770172658118494,0.2050705888458203,0.0904900253240346,0.09156423765969057,0.5880920459022293,probe
117,icmp,domain,47211,47452,SH,0,0,1,4,4,0,6,0,0,7,1,0,0,0,40,141,0.6492051104200163,0.46049443498917164,0.36159316193129254,0.31869573334970025,0.31374134814319055,0.870863809222606,0.39092909636606343,164,251,0.3147607580116194,0.7022602931792377,0.542848228781773,0.6005395861920975,0.2556504949599041,0.7601969540292579,0.6807445287675774,0.6260857880799413,r2l
151,udp,ftp,6561,746,SH,1,1,1,1,1,1,9,1,0,1,1,1,0,0,191,175,0.6571054209661155,0.057992715035833475,0.9239906766361984,0.46516858484265466,0.6970913681620718,0.8106831152335373,0.3481477603154792,99,67,0.751345175498032,0.3984618617525284,0.1712730611844182,0.13114695685585465,0.47663832977031684,0.17751554850620488,0.047856516102111946,0.6975823675824059,normal
190,tcp,ftp,14034,2575,SF,1,2,1,1,4,1,8,0,1,0,4,1,0,1,104,180,0.6477496907010227,0.7988843967060304,0.6699284264286745,0.9545181337637051,0.49663260157746736,0.24837082929249943,0.8239727280479642,119,151,0.39950081788330183,0.06926772736434861,0.6969733370073252,0.17590069324527835,0.22799790744804216,0.343425897384947,0.7290330217590864,0.823150902810244,u2r
225,icmp,http,49350,22531,REJ,1,0,2,0,4,1,9,1,1,8,2,0,4,0,57,83,0.9613529363588788,0.6623703385257824,0.5108921199353526,0.8760777835486873,0.4574761321845634,0.7067822878980844,0.6020398766788673,216,199,0.5191260486537219,0.05174535006706982,0.49512287590988624,0.675425259843591,0.6996502589673375,0.18998255044569834,0.2860611058544743,0.299528028204339,u2r
65,tcp,domain,26448,39072,S0,0,2,1,1,3,1,1,0,0,2,1,0,1,1,58,86,0.8790142948763235,0.6235290205600549,0.6408755620009279,0.031593193781155104,0.3879454966536049,0.8973967572633977,0.008950512969345015,241,18,0.18912501666182402,0.8966230881921972,0.6909344334594713,0.8860299342593688,0.31691005238591496,0.2631827786254497,0.1216097825027832,0.027621925537892,r2l
214,udp,domain,44557,35695,SF,0,0,0,3,1,1,7,1,0,7,3,0,4,1,113,37,0.5567705339152148,0.9689453507915589,0.7854932776137465,0.23344845632932953,0.3482633106871498,0.9737245689644656,0.6944688537283159,173,186,0.5058644411309691,0.6937591157405749,0.6016526564347898,0.07198602655848096,0.08234323118620923,0.07952305519088876,0.174664072843437,0.03686272780238542,probe
208,tcp,ssh,22022,6736,S0,0,2,0,1,4,1,5,1,0,1,4,1,0,0,130,165,0.04819618417772964,0.9663391604570933,0.43190760920094673,0.1899841376320517,0.6191717734478555,0.4419551318551621,0.9690854971002699,149,181,0.4341813539181202,0.776003630875426,0.2533542139151328,0.4536926069484495,0.9395291314294274,0.669613467679813,0.7069653692185572,0.7221926562552976,probe
112,tcp,domain,19584,25272,SH,0,0,0,3,4,1,6,0,0,2,1,1,4,0,100,57,0.11882484811994587,0.18877889711755558,0.9603248815135869,0.4813463353546924,0.3841829239800416,0.5118921316063232,0.41781305662793466,121,28,0.34207689701464605,0.48331013733336126,0.3054330854638052,0.44472405089899614,0.520253201202467,0.21122879833685515,0.4125532912665457,0.1507142825563066,normal
150,icmp,domain,28933,33849,REJ,1,2,0,3,1,0,4,1,0,8,1,1,2,1,38,167,0.9522715876036321,0.45610989345666664,0.2107175295710182,0.1283537577155638,0.8135434932689313,0.29209106724033285,0.12857762189715427,41,252,0.05126698684785869,0.9594916840964911,0.6907369536582014,0.632324159690847,0.5178509460111118,0.7760327273980695,0.810550675128958,0.7961693774709517,dos
1,udp,http,13664,7867,RSTO,1,1,1,0,0,1,5,1,1,9,2,0,3,0,8,184,0.5791709335812985,0.1909750816442085,0.6240993988550125,0.9072327013539698,0.3956527002869684,0.8441247372708807,0.4277414757171504,61,160,0.9138407091965061,0.9723773873651986,0.42578159041252006,0.8737529237065577,0.06977002894151241,0.698885374014289,0.020692807118822487,0.3062519473268711,probe
16,tcp,ssh,22380,19632,REJ,0,1,1,1,1,0,4,0,1,8,3,1,4,1,76,151,0.16404737607163178,0.9075907871334703,0.7050719209343009,0.6277601193237682,0.640896425816487,0.9531554289029945,0.6016241640033818,210,164,0.365697305104978,0.14084600662000402,0.7871319817461752,0.08245690737048861,0.6330312711530105,0.07391590130744674,0.56074499008865,0.15140394733675266,u2r
36,icmp,smtp,9166,34987,SH,1,2,2,1,4,0,4,1,0,0,4,0,0,0,84,93,0.3561030872176113,0.7808102386246093,0.34136718790163467,0.3646923738567496,0.3377351865655769,0.08390471556216994,0.7790674081235315,215,241,0.2541199833104213,0.2781241243709788,0.1546670070714793,0.07143682512593974,0.3752009597387057,0.21351113606736416,0.9003700337951706,0.05906965241540618,normal
294,icmp,domain,21183,33368,SF,0,0,2,1,3,1,6,1,1,1,0,1,4,1,139,102,0.4509069855526866,0.43589398414065084,0.3964375254534419,0.6335289549327472,0.9694612837209347,0.2299316000353343,0.9373151268051638,39,123,0.7269315602338086,0.8985853633194051,0.08132038272832154,0.40480071334316825,0.7955973999635393,0.5496751278192686,0.7660742816543874,0.2851617589461424,r2l
61,udp,ssh,38762,38200,RSTO,1,0,0,2,4,1,3,1,1,2,2,1,1,1,70,177,0.5197782486851371,0.024113008699948035,0.5659243446128849,0.39546197840045905,0.382838526104906,0.520802141894348,0.6987500436268232,93,211,0.9156616539998853,0.15112297549616072,0.10488953094144482,0.8897049013973203,0.3427084044365005,0.07119281838746072,0.689364218710825,0.3250385108694308,dos
4,icmp,ftp,27657,28976,SF,0,0,0,1,1,1,5,1,0,2,0,0,0,0,27,125,0.9482342175964432,0.4328547673803863,0.8637483386459583,0.7734019301886883,0.060043040268570214,0.3292509826190181,0.597395608120518,173,225,0.4599857863214587,0.7087989345787146,0.07293687236729429,0.08625212098706259,0.12029243320806571,0.5414622424707229,0.4999349398309859,0.12622806101513873,normal
66,icmp,http,21310,44791,SF,0,0,0,2,2,1,8,0,1,1,0,0,1,0,185,84,0.26916219740916836,0.25437848060336643,0.8637995572194426,0.7021346477803634,0.774669503435652,0.4891684618084201,0.14221962938002164,19,128,0.9803658055847699,0.4690264094710218,0.12643930725138197,0.26518035844090637,0.05185445075270434,0.0497131315578585,0.5185959172481656,0.4690004102627968,probe
214,udp,smtp,14327,35528,SH,1,2,2,0,4,1,1,0,0,4,0,1,0,1,4,100,0.5637168655280244,0.8018675353950346,0.1410360326286917,0.00645508539074835,0.3035971970349777,0.8680289812282898,0.5563257326820149,141,230,0.7057102393511043,0.2408917768406349,0.5453516683447219,0.14203434685944072,0.954867178282946,0.8573489592876177,0.9151337573281255,0.2032584186176143,u2r
53,icmp,http,28720,24185,REJ,1,0,2,0,3,1,1,1,1,3,1,1,4,0,130,69,0.734605938839625,0.43722041985714677,0.3541596082376034,0.41345337748208233,0.6277746146228272,0.008285727217080097,0.11087637941827833,53,108,0.43238885376204406,0.7940125154089794,0.14279897083289184,0.22468239233974197,0.6302026532897169,0.6663013585036146,0.00684552460908161,0.7924387465111186,r2l
255,udp,domain,31675,7198,SH,1,1,0,0,1,0,5,1,0,2,1,0,1,0,34,159,0.9555691882378882,0.3492902433143825,0.4887185941466009,0.16727369988450524,0.56028745295199,0.25002384211643447,0.775205039259447,61,111,0.9884513236706669,0.06523433767508158,0.2617927530868852,0.2815785836924174,0.5740423806497934,0.34442895078390634,0.33326093367568355,0.673479419184733,u2r
36,icmp,domain,17747,45031,SF,0,1,1,0,3,1,8,1,0,1,0,1,3,0,162,184,0.5020647290745167,0.225028152721795,0.906605382091271,0.9178021786768507,0.32761506493363945,0.5358985198062133,0.6577208109693703,41,44,0.9830172790052972,0.22531991418113484,0.25930593071321617,0.9536057751209189,0.6093648339254539,0.5832199965574796,0.3588888251014989,0.7577561021431973,dos
53,icmp,smtp,20264,31358,SF,1,1,1,4,2,0,8,1,0,2,2,0,1,1,185,89,0.9446915371574156,0.06995324229307986,0.5796959561469311,0.4631186683821775,0.726093735015158,0.7233478074351016,0.6806793929687868,83,181,0.3219396773279347,0.07092966829304115,0.13679275537031266,0.9835657415178728,0.06771900457995583,0.01064347590656356,0.05973024927482151,0.6048067553752705,u2r
48,udp,ftp,11633,9576,REJ,0,1,0,0,0,1,4,1,1,0,3,0,3,0,20,160,0.05466553640470262,0.14604993075958006,0.9687366717725446,0.9837399932738604,0.3993000145158784,0.7451045297408773,0.2527469062982566,234,58,0.7964326509846454,0.42994281808499124,0.7692483259373502,0.05952967370453599,0.8242218539384477,0.8964042249827078,0.8362590995328854,0.7844814799321299,r2l
228,tcp,ftp,33778,6472,SH,1,2,2,0,1,1,5,1,0,1,2,1,3,0,82,45,0.951554093455139,0.3041028349561943,0.09361260063756849,0.46464045128114206,0.1849639624060727,0.23352495019745168,0.9116888137319631,84,106,0.8149477205994808,0.028773155612222934,0.02654038658827551,0.23560595195776501,0.35229895902350494,0.20924851579160697,0.6535889333835941,0.4272241820189012,probe
41,icmp,ftp,27121,17448,REJ,1,0,1,2,1,1,4,1,1,7,4,1,1,0,147,49,0.16263059238242306,0.6101670612697496,0.6443082827680682,0.40008930359812866,0.4038558439990034,0.7310369460986997,0.892002046572489,240,228,0.3124812982849412,0.45639246186183824,0.7979810512991143,0.625220759039548,0.07455626132623794,0.49735664408125446,0.17168331556257932,0.07069498343621317,r2l
224,icmp,smtp,11553,35295,S0,0,1,0,2,2,1,2,1,1,9,0,1,3,1,32,182,0.6876936721909827,0.7456178935912948,0.4324508610713571,0.8805641345544276,0.2944284917670066,0.8871201102562235,0.9789256723378916,87,89,0.25411618873126307,0.036839948112291965,0.1159005257115544,0.9843407428719745,0.8777088836174017,0.3263198200127331,0.39335846750396797,0.7096300474684586,probe
38,udp,domain,2267,32083,REJ,1,1,1,2,1,1,3,1,0,4,2,1,2,0,187,157,0.624497065236171,0.47232203016240126,0.7295045240450378,0.8647091817639783,0.5264247185301105,0.18745010924244887,0.34914313670209296,170,167,0.5230331658708061,0.886942775430835,0.3246223828077669,0.8136668995793318,0.9456198049672849,0.8016397994085059,0.24431847663567796,0.3795531249020072,dos
224,udp,http,35101,2214,RSTO,1,2,0,2,1,1,1,0,1,6,1,1,3,0,100,61,0.8122794779632391,0.43478014915371255,0.949913919668086,0.056244476151285916,0.039913557996878235,0.6776959404139453,0.6639740489836512,212,11,0.5236975665737648,0.8257125412302669,0.4952800176184474,0.45562077325809125,0.9461414190981878,0.1349845849260839,0.20835525574455604,0.8779282979746514,normal
248,tcp,ftp,36087,15043,REJ,0,0,1,0,2,0,2,1,0,9,4,0,0,0,151,154,0.6800218808188887,0.6466816964836425,0.6693594438667326,0.08704731588646675,0.4701856773708497,0.26865285233566794,0.5163502751998025,13,167,0.8203164586550237,0.5296577712122508,0.815833899949592,0.39039612023101544,0.7149332614782709,0.6131141343927858,0.7659212257510726,0.6149328318136975,probe
169,icmp,ftp,45589,20320,S0,1,1,2,0,0,1,5,0,0,4,1,0,1,0,189,24,0.30829054660485766,0.34078473178439306,0.8885459987888461,0.007374985791956168,0.5118062266584686,0.8601880939255795,0.16856970898373091,136,65,0.7769630068404573,0.3188501974124337,0.2984097335262824,0.20562719903863602,0.9628806238139964,0.6484707417029733,0.3113322627253621,0.6099117286399331,dos
42,udp,ssh,30588,7149,S0,0,0,1,0,1,0,0,0,1,2,0,1,0,0,80,180,0.6635724549690679,0.49611277485914396,0.4190505282142606,0.11453357079687254,0.14680525221325125,0.06066909596157111,0.18967177473610775,1,190,0.5050210386723993,0.16858383736330895,0.12693970219262818,0.01111099604883481,0.7156331353289318,0.7607160386265037,0.4853053684234646,0.48956204641046197,probe
20,tcp,ssh,15064,33650,REJ,1,2,1,2,3,0,5,1,0,2,4,0,2,1,146,114,0.5465599525186401,0.21349864769822058,0.28156351130659263,0.23853853954387416,0.4224222872433647,0.2889116428549784,0.8666029791085302,32,57,0.08186535702824871,0.3259291612328612,0.3111073622705539,0.2842632969499659,0.1560165373745651,0.06357392323567668,0.06454356927709448,0.11260967931328336,dos
267,icmp,smtp,36849,30087,RSTO,1,0,2,4,4,1,3,1,0,5,3,1,0,0,33,48,0.6772203844783455,0.42389132407853747,0.7523597666584083,0.6484332911004748,0.3961371533914284,0.04574262608770929,0.36690753914666474,160,181,0.6006060079661837,0.4727885229122376,0.7646125559368706,0.9607372581420079,0.8866516479930054,0.21375051393406508,0.6558347027840419,0.983735361027896,normal
165,udp,ftp,24645,20204,SH,0,0,1,0,1,0,5,0,1,5,2,1,1,1,122,153,0.016333854558624905,0.17293827059591782,0.5536192212279147,0.06436008287931005,0.011062622782289866,0.17076275540528862,0.07387027754995101,139,110,0.28208356442065396,0.1545002286343491,0.42395966419875386,0.9619211464410153,0.5260606146252969,0.8557160787900129,0.7389524034171385,0.3027008214370023,probe
66,udp,ssh,38645,1126,S0,0,0,0,4,4,1,8,1,0,5,1,0,1,0,149,169,0.12216139000581183,0.9507087787581711,0.10854124527132925,0.5051891163213326,0.1985307529455459,0.05429991048981164,0.15086824390524511,64,0,0.7648665317969178,0.2776135544376144,0.3382526407222337,0.33578158264060975,0.0379911935447238,0.9943610455116313,0.4212875061963878,0.9300717305992942,probe
48,udp,ssh,18883,1993,SH,1,0,1,0,0,1,4,0,0,1,3,1,4,0,99,152,0.27157543940606843,0.4940658184444533,0.652493556129537,0.5661149809754442,0.04823530071181914,0.22423865121328102,0.6210230183843133,54,116,0.9672901961063152,0.44605839282634163,0.9483354125661584,0.482895291946115,0.8472716001662771,0.8287722195047871,0.1549034818769679,0.7567017268722778,r2l
232,icmp,domain,10477,11343,SH,0,2,2,0,1,1,1,0,1,5,4,0,0,1,112,151,0.11045842053294153,0.07023870896812101,0.9840662816527628,0.7571016357488227,0.8806236113999933,0.060110664867330965,0.48471194682218566,221,98,0.6087842423306355,0.23148301170888053,0.3186763351031333,0.9176574900064224,0.36237430796100356,0.39828680226083424,0.4984402925513708,0.023824138057736755,r2l
27,tcp,smtp,11063,7264,REJ,0,2,2,4,1,0,6,0,1,7,1,1,4,1,176,199,0.3549812565544924,0.038411518260712874,0.850211644515738,0.06783549451655779,0.16269528373688913,0.08572080497204693,0.005931368933486225,51,14,0.40957645038522106,0.5824134760750997,0.4610331466081453,0.6409447196650297,0.4138053902490829,0.6496781320134042,0.7712134537716641,0.26333751727135457,r2l
165,icmp,smtp,20377,5363,SH,0,1,1,0,4,1,4,0,0,6,3,0,1,1,70,101,0.7265547812170092,0.1256835408187822,0.5819638516620419,0.07739018020664123,0.09299180805118523,0.3470272426690767,0.5551329723106679,115,26,0.521471659380681,0.2538549906508685,0.161894405441673,0.9080483842304001,0.21336142741786923,0.2998057143013175,0.5416060992775844,0.026231058010643182,r2l
56,tcp,ftp,31133,13989,RSTO,0,2,2,1,1,1,7,1,0,4,2,0,2,0,152,168,0.3830347297193891,0.15662506660311615,0.9676321363263425,0.7941984290197336,0.3911115252083981,0.2304199676449925,0.9504546252288245,171,222,0.9912690844557602,0.7794506375268871,0.12972471389598372,0.2624707354421344,0.7093386204100516,0.9706735672862717,0.4455447040176306,0.15864398995360363,dos
70,icmp,ssh,34084,34406,SF,0,2,0,2,3,1,2,0,1,9,0,1,0,1,73,165,0.18669213984171718,0.33472721068195266,0.3714154184396846,0.21946536052307475,0.15845478222569842,0.9457951004302634,0.24544130132785702,213,118,0.4860951710544805,0.28350907004266435,0.8577250003034167,0.598007044192927,0.985714817042015,0.37767055427251195,0.20267825713694887,0.7765311630814389,dos
210,icmp,ftp,12177,21911,SH,0,0,2,3,1,0,0,0,0,3,4,1,1,1,141,156,0.35542528944583907,0.6767342129605669,0.5302568701252635,0.3590075897745876,0.4605177198722775,0.840220327155291,0.574627802898058,177,180,0.1005193305331894,0.23146868029818646,0.5177155872361922,0.5137079681082625,0.5682550100904757,0.6435249900105078,0.41069732065058207,0.5133928134559741,r2l
245,udp,ftp,44495,11689,RSTO,0,0,1,1,3,1,4,1,1,3,3,0,2,0,187,123,0.5847270794847291,0.48553117336165874,0.1226163879698452,0.272988251542174,0.9729029469181684,0.27547622095598034,0.5482617505227948,245,171,0.5633156732687589,0.8075327339799842,0.23678020381917075,0.777339109979274,0.7952959987143314,0.8427405647036742,0.42496629009036113,0.04665379164634209,probe
203,tcp,ftp,32354,41079,REJ,1,2,0,2,0,1,0,0,1,8,2,0,2,1,127,109,0.9055022439623761,0.6435979861990005,0.2658347033101546,0.6453700470890413,0.4420236038630475,0.6486463902055941,0.9604598505756399,159,176,0.2728801296612694,0.3706488593050371,0.4401617566941388,0.8842728879215622,0.19027069182381728,0.5715093751286362,0.35998321618194007,0.1354064649767457,u2r
220,icmp,ftp,20234,28315,SF,0,0,1,2,4,1,8,1,0,2,0,0,4,0,167,17,0.7318433514233995,0.8244681387264376,0.26862477437742405,0.6090026171182771,0.6714463932666282,0.14548465594733517,0.4343672693199383,245,205,0.35147355390767554,0.9230030582059611,0.9023667971146391,0.39041551523482587,0.4377230188615191,0.8813071547713145,0.4507178079943529,0.15106169073973208,dos
97,udp,http,33675,33895,SH,0,1,2,2,0,1,8,1,1,5,3,1,4,1,158,155,0.13322226609767407,0.10519608235911382,0.1412951472245596,0.21831198883610892,0.6901821566664973,0.9234334434345078,0.8375000157097633,121,132,0.6677525492772304,0.4122890140527723,0.2753889365854657,0.10649088150370356,0.2187963212920535,0.5037118014779535,0.8320313997770762,0.8206885004374356,normal
145,tcp,http,29529,34466,SH,0,2,1,0,3,0,0,1,1,4,1,1,1,0,134,25,0.3695175183462217,0.7352509516023109,0.04005738953585403,0.653470324582265,0.059445395405921087,0.9803397555064626,0.7506205982787085,62,65,0.5966541822305118,0.15209323660525886,0.23196675885315343,0.16480867959464007,0.12485916901137506,0.9209276267767769,0.7414094807379679,0.2800550421915543,r2l
189,tcp,ftp,36279,27031,S0,1,2,0,4,3,1,9,0,0,7,3,1,0,0,127,73,0.8839082103562451,0.4156640363205133,0.9161449901531372,0.437802866795155,0.09042148880485112,0.44907611238310674,0.1466707696350612,178,205,0.9651487716682231,0.07670611925730297,0.43089876379437986,0.3040014451756231,0.013770976688250669,0.7907286100610779,0.1969492785888507,0.19584763579563513,probe
90,tcp,http,21913,41440,SF,0,1,1,4,1,0,7,0,0,5,2,1,1,0,4,15,0.50151946609362,0.09005419398369274,0.37528162036780244,0.22897793763230312,0.7797795605664685,0.9463357717732285,0.7847444906826871,221,14,0.5321663829284695,0.8630768101536489,0.840218855358534,0.9459122644860245,0.7713255722932674,0.5548975857782866,0.9833528915724549,0.30696649444741475,normal
15,udp,http,26510,29802,S0,0,1,1,1,0,0,2,0,0,6,2,1,1,0,158,147,0.8516117261249725,0.18819204859503436,0.9608848349419148,0.7227701181463753,0.32824192487413706,0.2858311477992457,0.5225533453162828,161,107,0.7878148801994117,0.9908235618672536,0.14770409951984897,0.9003935268160436,0.30624432831881043,0.05338529649368107,0.43058691898484114,0.9309953262373447,normal
122,tcp,domain,15695,42621,S0,1,2,1,3,3,0,6,0,0,5,3,0,2,1,171,56,0.7116637070651245,0.8259256701811155,0.5627259559931578,0.3530247621690843,0.45019342198285794,0.7725540376787247,0.016768805332527448,96,242,0.2290192895084101,0.2760034868881561,0.7919516862769331,0.5597450989733171,0.6521757551291869,0.1626766053273836,0.7318970112448605,0.8645699240109908,probe
62,icmp,http,10643,17895,S0,0,1,2,1,0,0,6,1,1,5,2,1,1,0,78,96,0.5303537822537445,0.31744461308945726,0.7818268112044754,0.12457505627316823,0.8994061884736569,0.48111187040628467,0.9644626286883559,195,169,0.4502726145255178,0.3296260437577331,0.26780560151861454,0.23891241107427375,0.06295704345576314,0.07858806026865417,0.10287339738595958,0.8269958475143087,dos
168,tcp,smtp,17298,40429,SF,0,0,0,4,3,1,4,0,0,3,2,0,1,1,113,148,0.18303763013244123,0.5499404800278683,0.8540718579510014,0.9733810463815484,0.5624542364129871,0.4894401695511156,0.18012880672206488,171,43,0.7807257165695046,0.8061295028545163,0.9760300060045471,0.7384761899375537,0.4543404289455786,0.816206679075978,0.2663420871044704,0.7334206382245807,u2r
197,tcp,smtp,31537,8809,S0,1,0,0,4,4,1,1,1,1,2,2,0,1,1,180,104,0.07220176514889132,0.7259507863281078,0.9149660835984731,0.09022456612935348,0.7370538453437425,0.45441870936772677,0.2970879881891545,108,134,0.9447847281529677,0.519342972856051,0.12577346785754573,0.9455595532121622,0.49666233043714625,0.7041466917560444,0.8288897361629447,0.14525211987519748,normal
86,tcp,domain,26451,42304,SH,1,0,0,1,3,0,8,0,1,9,2,0,3,1,142,193,0.5063483051774296,0.26327661011084147,0.2016785065512,0.42545399375942283,0.2829272776958083,0.8856475030640213,0.06172371758798334,226,177,0.75680868733501,0.2366100540476278,0.3667672716071274,0.6646447397922504,0.09335141288618487,0.3407428556554776,0.3378004656320379,0.8147800603633718,dos
161,udp,smtp,28682,25555,S0,1,2,2,3,1,0,7,0,1,0,0,1,1,0,199,56,0.8198918453517463,0.009742158368558185,0.2418647996890131,0.07736769099023566,0.0807252175736567,0.5736345636983525,0.04290830500075771,118,240,0.9594824151860046,0.36034288687838734,0.0007058483204369637,0.5157942937002793,0.99375083710013,0.4662391635038735,0.5862907719648213,0.2502831279201376,dos
11,tcp,ftp,35719,28747,SF,0,1,0,4,3,0,4,1,1,6,2,1,0,0,20,155,0.7714267652895979,0.807716962497025,0.4261376270404891,0.2786575954009981,0.8250753555172458,0.13994921804709304,0.8126820756791192,32,15,0.10156324340746636,0.7564299097973661,0.3302200896593046,0.998086358418448,0.8098706175031222,0.3552005664612248,0.7154069140791904,0.897518187503832,probe
60,udp,http,37843,24680,S0,1,1,2,3,2,0,3,0,0,6,3,1,4,1,57,78,0.20850218854494096,0.5642093858996396,0.5827339698323921,0.8848088725749539,0.9308263483854818,0.3308105415214371,0.05317927500445574,16,173,0.6436772061728541,0.2194595100907779,0.13273933319986098,0.4050391275261933,0.1657329641516353,0.35906995673213316,0.7694538318544791,0.3347493744164175,normal
50,udp,domain,48028,21326,S0,0,2,0,0,4,1,8,1,1,0,1,1,3,0,111,140,0.11783114021718133,0.5226203594077538,0.5399766787534749,0.48361991045944785,0.8781823676732736,0.022076199539925567,0.10053788463584445,102,146,0.5422110612900887,0.3005638851010002,0.3593563004611876,0.26263667909390653,0.7102012497814014,0.9937572926786926,0.6722887535606243,0.562406676607714,u2r
49,udp,ssh,32567,6731,SH,0,0,1,3,2,1,1,1,1,1,4,1,2,0,76,186,0.9745814038996138,0.9487999594005156,0.7057769933588739,0.46363119862908886,0.5726016485212565,0.10341628558226845,0.6089573186974095,68,157,0.8804759395697402,0.358996702219752,0.9467017024671558,0.27847185769876703,0.8403326408944257,0.11998850365503744,0.7935004125981571,0.5850031384214823,normal
92,tcp,ssh,14601,40359,RSTO,1,1,0,3,1,0,9,0,1,3,0,1,1,0,58,106,0.15026076480625095,0.9504135958990477,0.7637678931091493,0.41240208350056473,0.370716558848716,0.8574583883948009,0.20067247656927145,56,143,0.1399036285461308,0.8648660379504787,0.16997693881798326,0.7563551908410895,0.8631195294345665,0.23901759499648834,0.6029477256236744,0.7158043930834556,dos
186,udp,http,27696,28092,SF,1,2,2,1,0,1,9,0,1,4,1,0,2,0,9,71,0.528295453537944,0.842502990659248,0.056069085543826946,0.035186773587689846,0.04743475658445251,0.436942042296393,0.15354480560534456,218,167,0.5546596028172106,0.09306048808684253,0.4393811611805106,0.01790793808865554,0.5111827918714239,0.30165153678903367,0.8831754478354698,0.3173684441567335,dos
10,udp,ssh,19317,13479,RSTO,1,2,0,0,1,0,2,1,1,4,2,0,3,0,9,25,0.8034549116399019,0.26817162304334474,0.6467905161714294,0.6473051216046406,0.17999250941307532,0.43510500935529317,0.5583010146435329,135,141,0.17701738243152976,0.9320248424643699,0.2983187110227704,0.7614768653586648,0.4331735136247967,0.9722702759940329,0.9130767260301633,0.7129099941782074,r2l
274,udp,domain,45979,48455,SH,1,1,1,0,0,1,7,1,0,8,0,0,0,1,133,156,0.04661975988767775,0.27009167889926466,0.46241628884430286,0.373849449975027,0.10636485696781883,0.9374922991409285,0.1309439945411922,158,87,0.4026173138023027,0.3678587325217536,0.5877404892179312,0.8306642920944199,0.9077051126597621,0.6845804600220992,0.5460278438105118,0.3690705965918579,normal
166,tcp,ssh,14811,48469,SH,0,0,2,4,0,1,2,1,1,0,3,0,3,1,182,128,0.37949022115258946,0.4671663864914779,0.0891831758259305,0.0997524639968207,0.6042787930872646,0.6458332619917134,0.5927063832884631,41,35,0.23598315418598526,0.5489732429975228,0.8340605527220312,0.08546167209010713,0.5792527661914413,0.1768072589847427,0.21108243853790376,0.057680186952314694,r2l
56,udp,ssh,46321,10884,RSTO,0,0,0,4,3,1,2,0,0,7,4,0,4,0,61,76,0.7310707157452705,0.5102818858290711,0.9972510010208775,0.8779276432514327,0.5050885330847,0.47425620361299436,0.6663549254814535,176,2,0.2696931004157299,0.07140291786280539,0.8980563473192985,0.22114345514473566,0.12376726606327959,0.6312301833324147,0.7125685014574855,0.5953597731744452,u2r
155,tcp,smtp,15623,32374,SF,1,0,0,4,2,1,7,1,1,0,0,0,0,0,42,124,0.12825625087785708,0.9105224721575976,0.3995885404164691,0.2992049093900818,0.536846028932314,0.5446639137284078,0.6663692358024486,107,206,0.4556470269796602,0.5818649365213612,0.30955538428874785,0.1521968481891003,0.35861097400521114,0.5855759043145725,0.4728686232738045,0.07758064401561071,u2r
240,icmp,http,37456,3300,SF,0,0,1,3,1,0,1,1,0,7,2,0,3,1,160,76,0.7345380339753403,0.35767419607911966,0.2500545748278006,0.3705243404504961,0.9954937405468024,0.05691856415645258,0.6699011392140457,167,123,0.20759163641235379,0.5586564899095604,0.06691537833515004,0.13741643904932954,0.2133414930437486,0.16852685834740921,0.5970781913891556,0.9434594835431137,normal
218,tcp,http,27671,12677,REJ,1,2,1,2,2,0,5,1,1,2,3,1,1,0,122,76,0.39213294322787506,0.23756851597066153,0.26728352334221905,0.708874920280437,0.08040075834472404,0.9489249256578522,0.04399930327285628,51,150,0.07250149081234325,0.23054877318728484,0.18381040844337793,0.7341625007837397,0.9548492212504082,0.44255156798957274,0.11347931917437581,0.3372297985368832,r2l
84,udp,domain,24978,25133,RSTO,1,0,1,1,3,0,0,1,1,9,3,0,1,1,61,112,0.36714858372063663,0.8984819356878845,0.39484445662480616,0.4449963056473303,0.9326941897076699,0.5833522217141437,0.9102701866635554,158,8,0.31947820285325645,0.0063550413137219985,0.43869923640752007,0.21649279657565312,0.776824020341613,0.22048463516024885,0.2676685637074525,0.7252895379407328,dos
159,udp,ftp,25549,34845,S0,1,2,1,0,2,0,8,1,1,7,4,0,3,0,91,9,0.33246238991124677,0.8773276842496983,0.14244409460476093,0.6379223795165168,0.9304693248583678,0.11054185357558777,0.3099196011462535,47,100,0.17551416542913478,0.9239295823732344,0.7167397859738427,0.6011565507930742,0.6236957962415693,0.4799271988240138,0.6277443489046348,0.06712603722232946,probe
131,tcp,domain,30893,32151,SF,1,0,2,1,2,1,0,1,1,4,3,1,3,1,47,18,0.18903784657093448,0.4387770027767568,0.7690839334769395,0.5718875472705317,0.4373619594675038,0.8739206022812659,0.43651259021614486,188,196,0.5561474290891767,0.23621212603773512,0.5553813397394218,0.6890100911187058,0.3235300931458932,0.5152555457978446,0.3873556464867146,0.5990567476601473,u2r
244,udp,http,34389,16378,SF,0,1,1,0,2,1,0,1,1,5,3,1,2,0,98,182,0.6397647451398787,0.032190147814038506,0.4994254620135573,0.6584080471988559,0.5004162699443113,0.48879124597692103,0.946765384486194,172,96,0.3462635309077903,0.9356385683415152,0.449671094511342,0.6151288848201322,0.8511858047819291,0.563238630717631,0.3024410779511244,0.14720368660473826,u2r
294,udp,smtp,46422,3345,REJ,1,1,0,0,0,0,1,0,0,5,4,0,3,0,197,132,0.9756972500439917,0.146481822166605,0.9718082690114226,0.7065681328210017,0.11404784933939194,0.7314675342593686,0.7103187347779684,202,208,0.14336634920171842,0.6415081054674929,0.5853518014835617,0.7332115253267784,0.43527905102242614,0.14357174048166277,0.31762651531463115,0.22751647818159193,u2r
280,udp,smtp,12294,1347,SH,1,1,2,0,4,1,1,1,1,8,1,0,4,0,19,130,0.3733309110780423,0.30323857922604613,0.2571502389782051,0.3810878140311261,0.5953628264230986,0.7920553742898645,0.17619728760190023,65,117,0.9430994384346308,0.2500076399281307,0.463485087424072,0.22648169058074585,0.6168364270538785,0.9110613592810797,0.9187535645274953,0.8489469707649014,normal
33,udp,domain,37147,19816,RSTO,1,0,0,3,4,0,0,0,0,9,1,1,4,0,74,84,0.672999719267142,0.8189373176891341,0.6060270455001008,0.1682562630626525,0.27914289098894884,0.6272629675376075,0.9606868678725156,8,235,0.7921074552442329,0.06443543185657752,0.7276126248532616,0.555501160285968,0.6744442509683206,0.7903629331166578,0.09980446559968592,0.9931931947186755,dos
140,tcp,ssh,18007,21453,SF,1,0,2,0,0,0,5,0,0,8,2,0,4,0,184,105,0.3115759751378018,0.6954035715114624,0.35705839688444996,0.4687936373561318,0.22581207749779397,0.8557653732278986,0.1956269844509576,201,64,0.12616763906423034,0.03529855628810186,0.5297912868862061,0.6647872756041399,0.2802885350718508,0.08404493113526068,0.36103062061651114,0.39908909910133794,r2l
15,tcp,domain,32200,37098,SH,1,1,0,2,4,1,5,0,0,5,0,1,2,1,100,48,0.9713887090769417,0.16931609697578975,0.31422572290465967,0.24910530041734558,0.12049066828194632,0.7067003528521625,0.793201027664057,249,39,0.8153214613536991,0.8977242085332885,0.30681346314946667,0.8571206387095388,0.9404455652472103,0.48274097750975975,0.4513634795409853,0.6793559585160069,dos
185,tcp,ftp,2325,14053,SF,1,2,0,2,1,0,1,1,1,4,1,0,1,1,32,112,0.11956070225672777,0.78641458157953,0.12362257234717933,0.6455561799210142,0.19361996132252346,0.913313343195048,0.15660806519249848,3,187,0.514724140775684,0.014115776885026854,0.6925370518001845,0.4253301259604966,0.4953518342563913,0.007965694706872917,0.6962178814348017,0.04148431372182915,normal
49,icmp,ftp,8985,23527,RSTO,0,0,1,1,3,1,1,0,0,7,0,0,0,0,122,110,0.3021794774504205,0.7681163464774973,0.3357889849000909,0.4380093840071624,0.603623478575459,0.28026383202921734,0.1594328551069324,177,109,0.7031278348613249,0.020957195202106482,0.16341086996907594,0.46865705702876126,0.8273957132168964,0.969811575656943,0.1705357294804133,0.42971468189398654,u2r
20,tcp,smtp,42356,20137,SF,0,0,2,4,1,1,0,1,1,1,1,1,2,1,38,134,0.6926435060832096,0.3840526594503225,0.6089164922723903,0.10196162545404319,0.04471468541538959,0.3841157615647395,0.8543119858490584,181,143,0.7214534348990371,0.42990155512727024,0.8195844384035267,0.5710335982100139,0.2796855777785334,0.41533120412196334,0.7256642743043376,0.6977768501789113,r2l
248,tcp,ftp,9162,17641,S0,0,1,1,1,4,0,5,1,1,1,1,1,1,1,188,173,0.727121857643445,0.3121616228382258,0.8058345397666581,0.5204042518198849,0.33028493838637907,0.8210067563273384,0.010419687852728177,125,40,0.6619438399536455,0.18455153493120025,0.9494732275699933,0.7122539680412506,0.4223531400813407,0.2316597071852804,0.4493185322522216,0.42488706962514566,probe
251,udp,http,15011,40865,SF,0,0,0,2,4,1,4,1,0,7,0,1,3,0,64,13,0.883411761826303,0.27799839085238254,0.44022881759591437,0.9193929650737828,0.2718755558354352,0.7807634854692634,0.9870334498955714,195,168,0.3166934138900125,0.6281099481804792,0.6923186971146298,0.6711969638063189,0.12933743177646084,0.8326444345548546,0.378535923911411,0.8661079991249528,probe
212,udp,domain,21319,39178,SF,0,0,2,4,1,0,0,0,0,8,4,1,2,0,151,19,0.15653880385003938,0.15162739177026363,0.07965125866815082,0.6408952100042101,0.14871662915637374,0.6029233071722266,0.057155076178444064,214,108,0.7850555491366739,0.3647832121161436,0.18262999170679395,0.5176521794441474,0.3355651520860906,0.48251189956930285,0.7227055930306935,0.8307516365037428,u2r
221,tcp,ftp,33228,1651,SF,0,0,2,0,4,1,5,1,0,1,1,1,3,1,121,91,0.10475901344283634,0.8180677219712635,0.5864122980776957,0.011776032735610342,0.5766720624153993,0.37135304766785615,0.3506147527321932,215,104,0.9613739820946798,0.746620701771064,0.9310841143263959,0.024408249641073798,0.6851455778226023,0.43932708628369,0.13165583641907463,0.4669167860311477,dos
232,tcp,domain,1478,29461,S0,1,2,2,4,3,0,2,1,0,9,2,0,3,0,189,16,0.8576506836943274,0.16725334370591916,0.0479828006629045,0.6409576270496131,0.09456989721183306,0.2911894453814343,0.3031128326078272,84,16,0.2666105206850312,0.7066237452867172,0.7089266100953433,0.4565708684076467,0.9150613633449041,0.002390705694443329,0.743336718908436,0.11808799336098752,dos
287,udp,ssh,38735,36397,SH,1,0,2,2,4,1,5,0,1,4,0,1,4,1,24,31,0.47829146292287594,0.4655073219367438,0.32393091971064647,0.13818007634957596,0.3593751615381925,0.297797084869979,0.8680084703413897,136,71,0.6977418798311137,0.7846359435943229,0.4461724837174156,0.48029364752119563,0.4721828479628255,0.011177085240553719,0.8563007068561523,0.49852198206733644,r2l
219,tcp,smtp,28786,19862,SH,1,1,0,4,2,0,5,0,0,9,0,0,3,0,3,151,0.8475732149747757,0.2101635925280002,0.47218170085358147,0.18022962364518946,0.46019322155962417,0.47215586216185923,0.8701256193771807,39,242,0.9748132574289101,0.7490456740558532,0.4189228358196122,0.500354356160646,0.8730503480391717,0.5800168910935177,0.601043210773428,0.15840204946679826,r2l
225,icmp,smtp,3824,27436,RSTO,0,0,0,2,2,0,4,0,1,0,2,1,2,0,123,88,0.9889625384377493,0.7065406816521859,0.6628457226018737,0.7420879429819245,0.6498470120675779,0.03639307463862851,0.29454246535263506,0,156,0.5720519081264872,0.35541348446789844,0.33678791349420534,0.5764757588200371,0.06911146299561166,0.8338886675814,0.04274826897780981,0.6807519567807911,u2r
128,tcp,http,39250,11509,RSTO,0,1,1,1,1,1,0,1,1,2,1,0,3,0,86,56,0.2763855255796246,0.02478666901957871,0.47515792508530663,0.42844494411087897,0.9486228401789781,0.5364467550949057,0.24662151898814244,101,188,0.06552851380430313,0.8799317664385066,0.7197936864522775,0.038769589407288585,0.3567781578101965,0.728403605674683,0.3038034818396429,0.567700596528676,normal
54,tcp,ftp,6806,2100,REJ,1,0,2,0,2,1,9,1,0,4,4,1,1,0,121,10,0.8511305097307418,0.7667580407199146,0.4181382711194058,0.6483939428774608,0.12036132840889047,0.1353312120544593,0.5013028552145289,235,14,0.851639052489286,0.2112480891018046,0.2591361740448923,0.12697986262446614,0.8242774471416339,0.8476481564435913,0.633299574436648,0.8013007645658196,dos
7,tcp,http,30347,30661,RSTO,1,2,0,0,2,0,6,0,0,7,1,0,4,0,6,106,0.3880645612981506,0.685431015529542,0.1618650288230482,0.5490375827842809,0.023928268688404142,0.20033039662636087,0.18961409752434055,174,20,0.21473071397143517,0.4241130367627818,0.07289199894852882,0.8527873538380552,0.9479449343517473,0.9820004396488372,0.371265366348024,0.38782465716813286,probe
245,icmp,ssh,29777,12471,REJ,1,1,2,4,0,1,8,1,1,6,4,1,1,0,157,90,0.8004606082906026,0.1683848410818397,0.2459672033950926,0.13653936256948718,0.5838475628988596,0.7063511536376486,0.9151424622919587,215,102,0.5106125417672445,0.5518988046275476,0.40047458260359015,0.5208560969708403,0.4746237222644699,0.22446551005382498,0.5776328369094502,0.3024274109398276,r2l
53,tcp,domain,19405,49298,SF,1,2,1,4,1,1,0,0,0,2,1,0,0,0,184,187,0.3694650960239705,0.8046877204265772,0.09094345439145035,0.03402820513199578,0.6154094655551143,0.7844031572763746,0.10288904368514873,172,22,0.0029209702675238036,0.08531878679009752,0.9673810241329519,0.446969096338958,0.2060000600193852,0.5848883972635988,0.43873541946758843,0.384037875315158,normal
46,icmp,http,32249,15164,RSTO,1,0,1,0,1,0,0,1,0,9,3,1,4,0,31,64,0.9389286012949336,0.5320691611261239,0.8765390398329928,0.7276817145042355,0.32671151409090793,0.13867209399625935,0.18672061950567564,144,48,0.18278600951577217,0.4943049136466583,0.24271843045977115,0.4849685831855388,0.7744746988211293,0.08232097638659897,0.8973595937068034,0.012768320006674494,dos
32,icmp,smtp,38692,39603,REJ,1,2,0,3,0,0,5,1,0,7,4,0,4,0,113,139,0.9706924148155915,0.9610524869273548,0.8876004390463271,0.795043427786944,0.6877502753038969,0.9838847211734845,0.2519789690485468,121,32,0.04560547085201394,0.11877363180048717,0.1493010752613263,0.16863630710008926,0.21825218115628553,0.36659974011901497,0.39765169905342224,0.7267255998248243,dos
94,tcp,domain,38508,1944,SH,1,2,2,2,3,1,9,0,0,3,0,0,2,1,133,67,0.9978177683064975,0.4578752638676813,0.6557029286998747,0.03375681164625077,0.6295794453037785,0.34253601818924473,0.7679300100768569,27,252,0.9726145873637699,0.5237290607046228,0.6229088517091026,0.07244031516579896,0.24611896909175923,0.044569324447051306,0.6448507188228189,0.37534912408348187,normal
120,tcp,ssh,48275,16130,RSTO,0,0,2,1,2,0,5,1,1,7,2,1,1,1,137,193,0.6379293424114668,0.18435703873305198,0.045537537280225804,0.6347331289334822,0.8178652067747091,0.9724610897019695,0.22002353499420346,146,192,0.3797107436383701,0.9097316159336457,0.5206388205981263,0.9821776591935171,0.805349711011877,0.8684544324912354,0.5564464223711444,0.6332718771653976,dos
85,tcp,http,1976,9180,RSTO,0,1,1,4,4,0,8,0,0,6,3,0,2,1,121,195,0.11386443390810119,0.09497422278567258,0.19298553901736726,0.4684083764134991,0.7765028415949263,0.22563516327050193,0.7352437157758301,201,25,0.8699460050779269,0.2685805401635931,0.022107567355648894,0.386862614335861,0.7396178772771383,0.6471718969901558,0.47161374984289384,0.3716619132426279,normal
128,udp,ftp,49619,17489,RSTO,1,2,1,0,3,1,3,0,0,4,4,1,2,0,50,113,0.30612538027831604,0.9245476851796957,0.42178731965222815,0.4226110144857115,0.232892613174151,0.9886018648756851,0.2790363722446022,3,26,0.6200503241877643,0.3536292023196296,0.8445072732020006,0.3610208734238427,0.832547657540827,0.704675185628393,0.1709246925166732,0.6022259481212384,dos
81,tcp,ssh,13232,40009,REJ,1,0,1,0,3,0,0,0,0,8,0,1,0,1,176,187,0.17434905361210717,0.09744821956534921,0.1854251500762394,0.7464254693371799,0.2900482716924975,0.971843047491458,0.4679391267209758,128,53,0.9871748616698739,0.6283835706441965,0.11678862959748415,0.20806696223399002,0.10770380162963678,0.20572743787322734,0.18441257576720405,0.18551704458800167,r2l
245,tcp,ssh,19051,35287,REJ,1,0,2,1,3,0,2,1,0,3,2,0,3,1,105,122,0.2740173678120028,0.3089539976172292,0.9656108347632879,0.04062503239746673,0.9689244823725296,0.419549337790729,0.31899543497910465,23,151,0.5037589351540158,0.4934801244673592,0.23273145332499667,0.40378036660089556,0.6751760361486082,0.18879345932166525,0.9587851307298261,0.47045621831034534,u2r
130,tcp,smtp,8838,16195,SH,1,2,2,1,2,1,2,0,1,8,2,1,4,1,146,136,0.5565972114958754,0.6347271530614247,0.019428016965696515,0.12398790476371946,0.05965827237335508,0.8828303986871807,0.1772881224099052,141,219,0.07194875487346031,0.47484737122980347,0.6545590601069867,0.21112981759961802,0.6366917200077699,0.01854524805347635,0.9143547292260205,0.6086302113920554,probe
268,tcp,ftp,44250,3192,S0,1,0,1,3,2,0,2,0,0,6,4,0,0,1,10,103,0.6011389589605824,0.6601019952637373,0.8405648149902822,0.8209467150843794,0.6962384012239269,0.5655194211621533,0.553797122064981,60,81,0.05737095047249596,0.8358383129052123,0.9151101519312159,0.9864237181223398,0.9308220262288486,0.44662934612782657,0.7303499811652359,0.9449992137331019,normal
266,icmp,smtp,14903,12024,S0,0,0,2,2,2,1,4,1,0,4,3,1,1,1,4,6,0.5510522232460732,0.9489755735723785,0.7441075625314275,0.5458222152700093,0.5670989028662566,0.1779711272193205,0.01667676383362582,47,79,0.3897901680312017,0.3435991877944,0.14253520227700112,0.2261574359139028,0.9302137037524271,0.5594707495264595,0.5063899067116149,0.8175587968897333,normal
94,udp,domain,25582,13179,SH,1,0,2,1,0,1,7,1,1,5,4,1,0,1,167,184,0.8781435518411227,0.11256852634264447,0.9152170827432349,0.037084016983105594,0.48366149627552024,0.04462656821660982,0.3426629060700549,78,140,0.7387731692922422,0.6974973931844404,0.4793241246088902,0.6133422463973903,0.8757326910557619,0.6261427692428531,0.10213755013742876,0.6877589237086209,normal
212,icmp,smtp,1384,49736,SH,0,1,2,1,2,1,0,1,1,1,3,1,2,1,139,105,0.9350488847926246,0.16457344890890158,0.7402023150813347,0.15723374575216975,0.13787305534913474,0.7491103789725826,0.9573706156757898,157,67,0.26443064332003585,0.7340813660227585,0.7504542335483001,0.5229474043313513,0.24540813853644294,0.9010027069548128,0.4437092942118218,0.48992571337185853,probe
39,icmp,smtp,46144,19108,S0,0,0,0,2,1,0,4,0,1,5,1,1,2,1,122,157,0.3865675269727269,0.3617155993408059,0.17423792699467355,0.5398017399638512,0.8903639931289445,0.7540736287998232,0.7014803182883399,142,204,0.6221525173517899,0.4672932804680978,0.09094337581905532,0.9172385484349207,0.8044706945803204,0.8610958836562621,0.819409668921405,0.2719191737642169,u2r
154,tcp,http,837,1551,REJ,0,0,0,4,1,1,2,0,0,4,4,1,4,1,85,42,0.9957166948901373,0.7724577910297895,0.09307703718048232,0.36491556419274296,0.9344956415758322,0.23642065058080797,0.0005304396876245621,51,187,0.5823499325071441,0.025950670626111116,0.9559522035357468,0.7585736237378317,0.2180605752587863,0.3152621874938474,0.17977862607414674,0.07534229739953391,dos
18,tcp,ssh,41520,14202,S0,0,2,1,1,1,1,0,0,1,4,1,0,1,0,129,115,0.19202315007415394,0.8101987904191679,0.585925414722249,0.2576966912630725,0.01122146060394813,0.8491168762160528,0.9485429734950725,74,45,0.2670627306768705,0.14836467229273287,0.11230301644294638,0.2659308149882389,0.1396439241109313,0.13382923684140824,0.09360565559636413,0.7953427435439603,probe
123,udp,ftp,9360,36227,SH,1,1,1,2,3,1,7,1,0,5,3,1,4,1,103,73,0.16982630039314972,0.20521286417889895,0.20095712546578837,0.4540838095852616,0.46919911928483404,0.6077247828584804,0.2998492171230859,228,233,0.7157159408013298,0.9313865028076815,0.39034297201862245,0.2485960464644994,0.6049674747463514,0.3231038605305886,0.821884520316917,0.07979595506076287,r2l
205,udp,http,23416,5370,REJ,1,1,0,4,1,0,2,1,1,5,3,1,3,1,143,186,0.6138619751557886,0.9847999656618162,0.31516657126635317,0.047783476209967035,0.7831496730250159,0.03253702716568041,0.12362767302356226,247,151,0.33042692146982944,0.16441320523930114,0.7043895958862558,0.3169010470860467,0.3302606731291827,0.5320356082529701,0.37176340733489144,0.3572475194424345,dos
211,udp,smtp,36480,33738,SF,0,2,2,2,3,0,8,0,1,4,4,1,4,0,126,171,0.013538610900009074,0.3933994252781794,0.8236216817173968,0.6826207725398608,0.9017279960625679,0.7114918921802922,0.5915808073860599,228,141,0.6965228545332303,0.9712936997632806,0.2471271711532571,0.9019007486456675,0.7002748851579692,0.7917309638516787,0.8655298021136103,0.7989366569645887,probe
278,icmp,domain,33617,33826,SH,0,1,2,3,0,0,8,1,1,1,4,1,4,1,45,159,0.9820037752449272,0.6246772571639572,0.5846333077325236,0.27914110553207316,0.4942968594013749,0.22329988001467238,0.976904473978522,177,156,0.3816567153154097,0.9278625937697771,0.9603814764907999,0.3381095986528819,0.8075542309429155,0.9856920044236797,0.6693357809967289,0.17200913236287263,dos
124,icmp,domain,42454,25526,RSTO,1,1,2,2,0,1,3,1,1,1,0,0,3,0,152,168,0.40467501119633453,0.7090082256980761,0.33489840555210126,0.9147918736618085,0.3212755787977657,0.7379134989954442,0.7460162419877945,189,183,0.12096240291700788,0.23709943904338704,0.9803198977948359,0.8319749773323156,0.6509237655882562,0.5247083378636345,0.6544739206461141,0.004623473560865454,normal
211,tcp,ftp,35462,17572,S0,1,2,1,4,2,1,1,1,0,2,4,1,3,0,41,52,0.1415174073808506,0.6130781247992477,0.6027146400458949,0.34536548246350474,0.612023520694274,0.6276609369362688,0.586727218504727,9,16,0.38394981196350497,0.19063077038175547,0.6326065880672096,0.5316081286508143,0.26044196885981785,0.3491426985392815,0.5952263841866272,0.7856877177314335,r2l
211,icmp,ftp,22472,15081,SF,1,0,1,4,3,1,9,1,0,0,3,1,1,0,128,148,0.10761223669192033,0.08959906360072789,0.12169038372645413,0.6064330909928813,0.13409059634202514,0.37358010273496434,0.12861941933945564,122,243,0.9717845638868757,0.5025438595344851,0.7407107970294523,0.8909500399781437,0.6763760247540338,0.3929307198786198,0.5312431872124787,0.8343243608984482,r2l
176,icmp,http,19264,47867,RSTO,0,2,2,3,3,1,5,1,1,2,0,1,2,0,158,64,0.20577478479335265,0.28180419012183044,0.24660674368555902,0.27636650771754745,0.5209994247555597,0.19667438939964532,0.650930323470618,37,80,0.845652910612567,0.1047037721968459,0.21680646969596085,0.2370081876293838,0.5298851424237027,0.9663558339321134,0.9386697601305966,0.13147372661189938,r2l
138,tcp,domain,31103,45028,REJ,1,0,0,1,1,0,0,0,1,6,2,1,2,1,134,69,0.7839090323341199,0.42056322750664543,0.6448020375191793,0.7277703165838516,0.5640425016233234,0.35109992926347944,0.4423282849050082,68,151,0.39725032895104617,0.7426525702074996,0.5755045849613247,0.4406601145296797,0.1499498930929709,0.4305368421214074,0.23689781947007682,0.26503727344194683,dos
165,tcp,ftp,21853,3109,RSTO,1,0,2,4,1,0,3,0,0,7,4,0,4,0,57,161,0.8908342366184357,0.531190023225397,0.2597343125427344,0.09269611005674316,0.36773799729567835,0.44272797787049556,0.6723597932501801,95,83,0.02271418177922102,0.5269601361791141,0.9606721968765258,0.7269715235992398,0.46370206055022545,0.28997946487712223,0.4875173835061405,0.5584156002326763,u2r
273,tcp,http,42238,19884,SH,1,1,0,1,1,0,6,0,1,0,1,1,0,0,162,156,0.10208482914399186,0.7840382786054535,0.6698815706229134,0.4362155920656441,0.10362138915518915,0.529671168204955,0.07795298781802684,58,246,0.39797540581431434,0.7168231573052772,0.07711213903175174,0.47284003711110123,0.3096960826565308,0.8577296823468017,0.3283994240294247,0.7547622028232017,u2r
281,udp,ftp,13917,24089,SH,1,2,2,0,4,1,7,0,1,8,4,1,4,0,77,147,0.15331858252522113,0.850327561485577,0.9382273057771983,0.1400777687455833,0.9278388978963136,0.1400552757697927,0.8791542853207787,160,66,0.6659493797195422,0.9014542517043275,0.5206359797519181,0.7064688555370212,0.22344529504410282,0.7624374842855833,0.7319991478596036,0.34678777363606905,dos
40,tcp,smtp,25963,24427,RSTO,1,0,2,2,2,1,1,0,1,5,1,1,0,1,175,186,0.4129461485206358,0.8981599639687362,0.4529621466766227,0.3559783334681855,0.5696327121534027,0.730590015766163,0.777629713164944,129,232,0.5644802397169031,0.26302606570585596,0.13517014087555834,0.09892114787348594,0.15849137376416456,0.1362658626226131,0.4228696272117939,0.710168229305673,normal
259,icmp,domain,49944,17204,SH,1,1,0,1,1,1,9,0,1,4,0,0,3,0,99,73,0.9457404882636694,0.6962195549002353,0.8330142701508121,0.6604403935917433,0.6636480745012462,0.27779220714188313,0.06678054411586742,119,161,0.9798158384728654,0.7703658251166822,0.45959199092695535,0.7113977388249789,0.09106361757023063,0.2300528575643639,0.8319298036631333,0.7678722007452479,r2l
175,tcp,ssh,41885,9974,SH,1,1,1,4,1,0,9,0,1,1,4,0,3,1,184,147,0.762267352602997,0.9152115658792587,0.5748327691383656,0.7423862462929413,0.4715286063619446,0.26640245132000584,0.6050234487412346,160,123,0.7971287971056917,0.42385541428784623,0.44318953781086734,0.5333677292443181,0.7799121705358885,0.0324430757527453,0.896906298323305,0.7199477270641328,u2r
70,udp,ftp,16510,21618,RSTO,1,0,1,4,0,1,1,1,0,5,2,1,0,0,164,180,0.16887498865581763,0.9503428780145936,0.8410393916678275,0.7409221513268398,0.3179101080327116,0.7579796569156824,0.8868895095942665,42,236,0.33044040845036127,0.20464252767272473,0.6691786834604532,0.6938462688897792,0.9443456683794684,0.8098546587862819,0.38970821657142074,0.5923011150809825,probe
250,udp,smtp,24885,26960,SH,1,0,0,1,0,1,1,0,0,7,2,0,2,1,23,129,0.7715624557567684,0.5935561955454933,0.6221102845514188,0.3409390811734164,0.5476008279575755,0.3656559983611677,0.025555139765266244,130,200,0.3946671446874557,0.23325521072115596,0.8288485924229773,0.04764147967624144,0.5788361743395316,0.4727282404623947,0.6611107173778925,0.4527157079137436,dos
290,tcp,smtp,6012,16553,RSTO,0,0,0,3,0,1,4,1,1,3,4,1,0,1,75,33,0.7962239035445392,0.2707220683503728,0.9832313617312197,0.18644439193892437,0.8282142023753416,0.3563556780038477,0.5385092105950454,197,246,0.29753536820245396,0.5857484907008472,0.7924138708539558,0.433578781893145,0.7357470853595774,0.8009255615865747,0.2920616282319498,0.05828346430052711,u2r
206,udp,smtp,42962,34196,SH,1,0,2,4,0,0,8,1,0,3,3,0,1,0,69,39,0.3667615195148728,0.13362668998827198,0.9366397888785957,0.8505375440102321,0.982123919572039,0.08756066269568086,0.8325736310141986,121,190,0.6677176790810131,0.788509999415278,0.09019904047928118,0.7949151673187195,0.6764769945997556,0.8018733111710565,0.30511372764724876,0.0016771708189713408,dos
180,tcp,ssh,35438,4551,SH,1,2,2,2,2,0,7,1,0,3,0,0,4,0,151,102,0.751343304719311,0.9471650404715616,0.37677668020304866,0.11342269954258466,0.9991261633105436,0.9131888146070569,0.7227527777616098,224,34,0.5344419463590692,0.0773764759826493,0.03704019159288152,0.4445785054885141,0.5930052291552302,0.9278416297274273,0.11525826014850271,0.5910180920225363,dos
224,tcp,ftp,21085,23557,SF,1,2,1,2,3,1,8,0,0,9,4,1,0,1,37,143,0.07306939372350962,0.1547560297068905,0.3930587483761353,0.2126958002544943,0.8090523903615011,0.2901245789981284,0.4903599196217072,215,57,0.9389290164269815,0.7893839595588211,0.48953695344162607,0.44607246488176344,0.9856663114477718,0.8843525360009477,0.4086023731655991,0.48820518200237184,dos
130,icmp,http,30890,13813,SH,1,2,0,0,2,1,1,1,0,2,3,1,3,0,39,100,0.9614754179832189,0.3864068968070663,0.5077374267238625,0.9794180062489383,0.3241322791213317,0.5649495859343894,0.6672078713293795,218,18,0.4259090034714166,0.3797359790552668,0.11285859978080548,0.19138016133851243,0.0012522742987243207,0.6691816436804604,0.9987236052482749,0.14080945235548015,dos
244,udp,ssh,23942,19421,SH,1,1,1,2,3,0,4,1,1,7,4,0,0,1,96,36,0.7967921713373158,0.2399745809790026,0.28968610753198165,0.8363860404008878,0.34803128768280933,0.08952802059447063,0.6026812461996405,37,0,0.10227224038690341,0.744915391737672,0.4795636143440921,0.9918938356466991,0.4426590201653431,0.43343039262957817,0.703276625502077,0.10165112700496104,normal
232,tcp,smtp,11165,38263,REJ,0,0,0,2,2,1,1,0,1,0,3,0,4,0,17,25,0.2625610118798696,0.37067410291585823,0.990308747584673,0.13826453896377677,0.4794993759004177,0.95651990564937,0.8745574640192152,54,109,0.7059886261731391,0.6638848926295267,0.06353806065833656,0.2208245789236637,0.36314270335848875,0.8279889444130265,0.12221004502341315,0.17258634526453953,r2l
185,tcp,ftp,21209,20020,SF,0,2,1,0,3,0,5,0,0,1,1,1,0,0,148,143,0.14970031679946438,0.7324705670512066,0.806969536711036,0.8848213845840475,0.6746826615166399,0.8857083098122157,0.016987211363351684,142,143,0.46307420757038864,0.42153659160097645,0.7291128078940288,0.06841819803831761,0.5862960575608402,0.3461736807596608,0.1789397794333486,0.4370338079646585,dos
11,icmp,http,45306,14775,RSTO,1,0,2,3,0,0,7,1,0,6,3,1,3,0,149,13,0.07978356771947903,0.1514147793448376,0.7705717205362111,0.9706727719595241,0.9540931662473607,0.4496594238816294,0.34987840240972023,166,242,0.39446874882897387,0.8167268677143722,0.4672174954166689,0.1876898685505094,0.5839105181428238,0.10519797265063291,0.3807442614008101,0.9613472533083353,normal
245,tcp,smtp,41511,26394,REJ,1,1,2,1,3,1,7,0,1,1,3,1,2,1,93,62,0.8232110102668214,0.26215952583188207,0.3108247938653612,0.8493528281901088,0.005628216854855039,0.4961192651384806,0.28408004164399525,135,1,0.6648540182248457,0.627275963652561,0.005942221186497565,0.4483595922068637,0.15829544920401095,0.9939285585245736,0.5884008680197678,0.5168616105617382,u2r
93,icmp,http,8786,12307,SH,1,0,2,4,4,1,1,0,0,2,3,0,0,1,51,122,0.7138877045496438,0.5660688895986141,0.752939272376632,0.44608893990324916,0.3623345911755903,0.8603884047723269,0.2618779256658219,238,183,0.06647008945546373,0.3399478926231977,0.5623045435129947,0.6187912413977061,0.7389808513640866,0.6049712052548947,0.4564966232188393,0.700177379903139,u2r
120,tcp,domain,9986,33441,RSTO,1,2,2,0,0,0,4,0,0,0,0,1,1,1,58,20,0.5843886884429494,0.20270659501145905,0.12602914739990334,0.3891946587207905,0.6237356952123084,0.13108752189387773,0.6557865233849302,69,89,0.5732055463714784,0.648196845706935,0.03369202640083491,0.00820288554195625,0.8633547824645603,0.30282304772581425,0.9684545404542004,0.3813383954439272,r2l
184,udp,http,29318,16473,S0,0,0,1,2,3,0,2,1,1,2,1,1,0,0,150,83,0.34967544185053123,0.9283883595312584,0.3217897265345596,0.28070777667148517,0.5405305628370946,0.6830353647494827,0.9894204321127281,222,168,0.7044910372574869,0.038925944340041374,0.04040092482095081,0.6262640400127711,0.7815885616958522,0.2998569212450277,0.6973396049140871,0.2061552346254838,probe
254,tcp,ssh,5805,9535,SF,1,1,0,2,3,0,6,1,1,4,1,0,4,1,88,63,0.7308211595805574,0.08817771854981493,0.7688657812351617,0.9115937687450958,0.235974990725359,0.9618447345825649,0.9155293887786468,153,154,0.636595941748612,0.2565289304776589,0.5068600649150233,0.8435004646361189,0.7987431455603772,0.34572835678304215,0.5851534710164912,0.26896246983120853,dos
8,tcp,domain,31577,39742,S0,1,2,1,3,3,0,4,1,1,1,2,1,2,1,132,29,0.9916998951061504,0.7423543233493831,0.7441517641760638,0.05317341259960062,0.8818151418976496,0.6429734550947965,0.35626273659849195,2,31,0.47970812655438044,0.4492388616070011,0.5995151830761143,0.5198965507285321,0.9222496739779534,0.41042738923738253,0.6089851289516782,0.9741404378238755,probe
14,icmp,http,42004,9719,SF,1,2,2,4,1,0,5,0,1,6,4,0,1,1,64,106,0.27976788616150894,0.8928111152683781,0.2957485761727138,0.701120112792036,0.3139337581435626,0.717814253364168,0.855408777542886,86,195,0.3123291676640797,0.6507191258657162,0.42110917971545636,0.2680674043785667,0.7821832237549864,0.12551618021086441,0.11095952009749699,0.11904462307646868,probe
59,udp,ftp,2492,46632,SF,0,2,0,3,4,1,9,1,0,5,3,1,3,0,184,186,0.8346835676495685,0.1959244401964344,0.981405894165777,0.3761469581859279,0.6219169623784288,0.4331747174624986,0.29032385178096876,196,47,0.6849975090431119,0.6857368370422273,0.06385135641547235,0.8969213137888372,0.1206282784985121,0.032703409386127924,0.6185611196532391,0.07662705274732062,r2l
116,udp,ssh,3956,41796,RSTO,0,0,1,1,4,1,0,0,0,2,3,0,4,1,163,0,0.34766597956455003,0.8556662582334627,0.5215501303857155,0.38823521785880244,0.1859062975667094,0.6154035044385693,0.4196201625670949,45,75,0.0352703268652198,0.05429974895201484,0.578417908229617,0.9249944731481469,0.212471644729897,0.03141378299841113,0.8897929564057596,0.9446336515245054,dos
167,icmp,ftp,25876,41058,REJ,1,0,1,4,4,1,9,0,0,9,4,0,1,1,90,58,0.9211314242636742,0.6259820900327002,0.011977090699412218,0.8805898432124121,0.508700026290325,0.7524181900836217,0.18823426506183694,213,127,0.4784381129451005,0.7027915368085341,0.5479457295682959,0.6310591528147311,0.7959324250629296,0.17890291022843285,0.3372873826149967,0.17177438314289517,u2r
23,tcp,ftp,29149,27464,RSTO,1,1,0,1,1,1,9,0,0,7,3,1,1,1,121,158,0.9190097244455552,0.859163186089617,0.4355853911182135,0.08746724577451925,0.5861533548558882,0.8662672431835455,0.12125065298004933,173,123,0.6946236627271047,0.11744793122901298,0.04347708030321418,0.4633972040531289,0.6129926901840352,0.8976028433133583,0.1707367615993124,0.27003824232872986,probe
187,tcp,domain,12012,12040,REJ,1,0,0,1,2,0,6,0,0,7,0,1,1,1,184,120,0.7234367164335284,0.5388925678129619,0.39553188973761144,0.19344442569232145,0.9285933910555643,0.8186832919004793,0.2619800946706333,65,41,0.7547767515760091,0.20738100099556056,0.3536794216654091,0.20723766519178666,0.7255534873128717,0.1524524109303359,0.8416814218484786,0.5467382651157364,dos
86,icmp,domain,4839,36925,SH,1,2,0,0,2,0,0,0,1,0,0,1,2,1,167,179,0.5312385778371647,0.5531558028892748,0.7068647170269189,0.1641053276421831,0.7486028094016913,0.9319707004271164,0.8510771750046202,212,46,0.5107812980927108,0.38473525491272287,0.04659878986364596,0.7211635872041003,0.5570555896586495,0.8103587059946102,0.5887763682421631,0.43184840072778075,dos
212,tcp,ftp,32023,22832,SF,1,0,0,1,0,0,5,0,1,3,2,0,4,0,178,184,0.9591619085907043,0.4049145587544388,0.8957729214244053,0.3470581470223518,0.6077706198170675,0.496596484809801,0.5992036347419578,96,34,0.7356745457054706,0.6595153791486269,0.36501139496754764,0.5400304539712321,0.5658045563329632,0.5593637793882094,0.8347922167629158,0.33489012493321324,u2r
75,udp,http,36516,12320,SH,0,0,1,1,3,0,1,0,0,0,1,0,2,1,5,151,0.7312827604667392,0.4570804051955911,0.3783935210385687,0.375458030190138,0.2313738135619704,0.1286919815199663,0.12667824526480176,176,179,0.7502041967795156,0.9849548920075981,0.46288962957892454,0.48829966699434124,0.030854855286864713,0.3984735731237097,0.5272807987671455,0.42600079476329067,r2l
54,icmp,ftp,19265,936,SF,0,2,2,1,1,0,2,0,1,7,2,0,2,0,56,16,0.5371531817226916,0.7999510349716422,0.30241732699825863,0.9760991856987584,0.6518140987234515,0.9615920087289562,0.23604197222992274,2,238,0.4423220758597516,0.10112774724144413,0.9215037457435657,0.09720588255353135,0.15003439104885075,0.25577774947098153,0.5312839063455509,0.6378151221533366,u2r
13,icmp,domain,21308,19177,S0,1,2,0,3,4,1,3,0,1,4,4,1,0,0,101,70,0.21593904176022105,0.030741469108751085,0.5562347235046009,0.47079661137507356,0.8454465718466542,0.8375350942803804,0.24831877659477353,89,56,0.043689908292896096,0.33787517440637505,0.5007386243696952,0.2354127155054878,0.033637241114932936,0.08648997519083901,0.7294140310780338,0.9440604592542564,u2r
215,icmp,ftp,23882,927,RSTO,0,2,1,1,0,1,3,1,0,3,4,0,4,0,197,162,0.6011355752675382,0.10331645433857561,0.27094820648791196,0.09544923303703368,0.9322424916455869,0.2254660147553017,0.4010446413559471,26,32,0.3434225703581463,0.45833011833239556,0.1837091662773197,0.4480198312755239,0.4524266341104558,0.992378168156175,0.10160780536467873,0.13898223589574055,r2l
88,icmp,domain,45930,0,SH,1,1,2,0,0,1,0,1,1,1,3,1,4,1,189,67,0.5370230076511026,0.9056184461874034,0.8145032548742619,0.24436725765110123,0.49501086832758945,0.8397353598516247,0.9301662570528288,105,232,0.24313366012598192,0.32715197812952035,0.9062438549650202,0.6498051408810988,0.6187446965694218,0.8629358301377628,0.9559362333168887,0.6899697450603571,probe
212,icmp,domain,36382,39859,RSTO,0,0,1,3,0,1,5,1,1,9,4,0,0,1,37,19,0.4534688068338045,0.9827284089753424,0.6060021752374721,0.8688481419299682,0.2541436139024781,0.5339651203772814,0.16455448875860934,127,172,0.23827992449976076,0.050757761266045254,0.17928093190367866,0.26595107163685006,0.22469371829386542,0.20492022691963485,0.027158425966320787,0.7621711439391562,r2l
125,tcp,ssh,8208,6147,SF,1,2,2,1,2,0,6,0,0,2,1,0,2,0,143,137,0.4408193990703081,0.45642225099034495,0.691872502820199,0.7353919433677759,0.2870299066086519,0.1922869133517462,0.9751640610951914,83,183,0.28422667128960266,0.08914004494216665,0.28612391208508003,0.7403049540978835,0.8831481948780455,0.9430021869476873,0.29181365556276084,0.9635807908789623,dos
296,udp,http,1231,43451,S0,0,2,2,0,3,0,3,1,0,0,1,1,0,0,97,124,0.34242865268723166,0.8844456985117191,0.09183788111651436,0.5277832503041117,0.7152990244599972,0.2868560961925819,0.6733446917879323,186,184,0.2814608718680772,0.7326451689248072,0.5752440007870498,0.6340299333143196,0.11543682520329734,0.5559868307473349,0.6518488305418734,0.8208532422708589,u2r
180,udp,http,23307,5322,RSTO,1,2,0,3,4,1,4,0,0,3,4,1,4,0,76,192,0.4041407030849482,0.18758898664655466,0.282084875113757,0.8605471454534082,0.31125412635709904,0.9540512085381695,0.6711649234457095,151,243,0.7054995511598238,0.37231812994871105,0.9729157004517919,0.45343737381765514,0.7893204773552895,0.2851196816143017,0.8183530283200047,0.3787789921625949,normal
5,tcp,smtp,826,8138,REJ,1,0,1,2,3,0,7,1,0,8,1,1,2,0,170,198,0.7108625784162313,0.5469973780904029,0.3449880018569794,0.5950930461876902,0.600206447524785,0.5784399370877222,0.7790755527376745,156,236,0.6180595931109067,0.9193459045318714,0.5666547033109788,0.7965711744180554,0.7341563815127913,0.698340376108613,0.2838113231848708,0.6371796802449521,u2r
287,tcp,ssh,11276,18985,RSTO,1,0,1,0,2,1,6,0,1,1,0,0,3,0,120,114,0.8991458496760601,0.31183308197697346,0.17482422543092901,0.194839561777173,0.31405315632083974,0.8612782736795486,0.9402995975190765,98,192,0.4967915774996676,0.35275950005402956,0.36027465878230436,0.1965558986498277,0.8382022295320388,0.007584107103649762,0.7343787477874709,0.5327939155813359,probe
120,udp,smtp,42850,13626,REJ,0,0,2,1,2,1,1,0,0,0,2,0,0,0,53,167,0.46836360983954406,0.6965892264984348,0.9895148755233417,0.4301891019851444,0.3974121643958588,0.877214299449554,0.5961554473960174,173,172,0.20799287039973835,0.22110700927499483,0.03251483497232033,0.6164738746919276,0.3516260239146024,0.6573893759546545,0.1414641848554138,0.15169739618145872,u2r
246,udp,ssh,10564,43339,SF,0,1,0,2,3,0,8,1,1,3,1,0,4,1,21,113,0.3275269919503806,0.4000654125745916,0.2588059899170436,0.18834177604658664,0.34770647961195356,0.25683322106772344,0.32853486452119807,224,225,0.9620521666359586,0.1174114975629309,0.948484706178792,0.7145942496847988,0.027073491504579494,0.7688002197315448,0.4107546890020133,0.712107761347642,normal
114,tcp,ftp,3434,19176,SF,1,2,0,3,3,0,9,0,0,6,0,1,4,1,1,4,0.6901606948435578,0.20026753437713007,0.618426517598584,0.8411165369720057,0.13556192873470374,0.7485146598175418,0.7221766000142467,188,6,0.05956043310018544,0.12609471261301153,0.23426058338776934,0.04039826609534358,0.4971492145880293,0.8550890315371787,0.09419420096101205,0.9363604845862146,r2l
154,tcp,http,23601,32441,S0,1,1,0,0,2,1,5,1,0,9,4,1,4,1,37,36,0.22066231122731783,0.904275817333089,0.1026110518654576,0.9216933446137536,0.2715574642786637,0.45548494415054186,0.7899851738602445,123,184,0.3240376082584723,0.1684466584830172,0.2550041729405683,0.024917457478390914,0.6744382674728285,0.8054117914998674,0.43630109362458613,0.24905137834834234,u2r
276,udp,ssh,32572,24055,S0,1,0,2,3,4,0,2,1,0,2,2,1,2,0,95,128,0.3447938752709424,0.2709954508489072,0.914792660925016,0.8829912934343529,0.4568984134430627,0.5963520829560385,0.8776239409330655,128,65,0.4194505843503735,0.8505647817601872,0.9017503183672032,0.38318212685638287,0.6054977905186985,0.7486368835524725,0.7689567506433553,0.572479960454542,dos
197,icmp,domain,10797,47209,SF,0,2,1,3,2,0,2,0,0,9,3,1,2,0,194,131,0.2379907424683021,0.6501356865173167,0.21387044107400044,0.7726924800482311,0.5460486194642744,0.8671909272076336,0.8215339471447436,117,100,0.6794333283231166,0.43732634287491146,0.3666571510001043,0.8254963220652112,0.43260060674087475,0.6658173502163807,0.44004063248556236,0.6899223113713118,r2l
281,tcp,http,10088,9741,RSTO,1,1,2,2,1,1,9,1,0,2,4,1,0,1,7,193,0.8477459022236845,0.7695269385511468,0.883086114089481,0.10752649735666009,0.8445263702997416,0.9447342271441422,0.189049504992437,98,58,0.22477841799872345,0.9218430846556824,0.4249123660810791,0.3731132616482207,0.7940510587192371,0.6209488371767917,0.24523271853868567,0.18850574999782177,dos
138,udp,ssh,41531,20704,SH,0,0,2,4,3,0,2,0,0,0,4,0,3,1,83,73,0.9135483809294533,0.8820739076516981,0.788964951241244,0.17841191869066475,0.6725711258917674,0.8220774796984406,0.530484447480098,228,171,0.5307282560639321,0.8403270735685514,0.31768814166135007,0.024737153726483774,0.7018301172678324,0.5518805513344208,0.7877771878599161,0.7547865163464079,u2r
271,icmp,ssh,33377,18792,RSTO,0,0,1,4,0,1,0,1,1,1,0,0,2,0,111,69,0.9580992278427161,0.1245039860838183,0.25010114190886823,0.8137085238281149,0.4596643995680889,0.28718904212354424,0.12759164656703437,23,89,0.18608261853389418,0.6166598475262518,0.5266850707555054,0.8225167390716207,0.6219992793840614,0.40979843342356825,0.6394342948032692,0.37422853840372716,probe
24,udp,ftp,24940,30157,RSTO,0,0,1,0,1,1,9,1,1,1,4,0,2,1,75,46,0.3740100277062198,0.07747297379451923,0.7120714136054042,0.1002815080354984,0.24704844628463984,0.5695017554053248,0.20755511113741687,227,220,0.8873292003645341,0.05964722918337784,0.4375495912215538,0.5713385953306851,0.6926892406631132,0.6903906542369741,0.42260119440989297,0.10775264165740417,probe
281,udp,ssh,36813,33727,SF,0,1,2,4,4,0,7,0,1,6,2,1,1,1,162,171,0.4201443681223005,0.9521319091437227,0.4035143326536397,0.8957896452847576,0.6404469565921521,0.34921388575402723,0.5550421784866839,140,217,0.259603862864607,0.9839281431897414,0.5914565087417543,0.21959101460293218,0.45765774841801554,0.22492480896344336,0.7141654621134663,0.4837717430750573,u2r
271,icmp,http,17832,40628,SF,1,0,0,1,0,1,7,1,0,3,2,1,3,1,123,59,0.4370679836611664,0.26705780356276754,0.0027041124919313653,0.9293002450216189,0.2528693434516336,0.9028273825873906,0.4006078632165586,21,137,0.2881213230919958,0.2795139230005187,0.7053807097151029,0.9318130057026718,0.8052981994960728,0.46329958021550344,0.6400709450746819,0.47983292508183517,dos
145,udp,ssh,28330,27055,REJ,1,0,2,0,1,1,8,1,0,2,4,1,1,0,150,109,0.8657440643605497,0.8865982999238825,0.947979091900972,0.6394349964560556,0.3191276761331312,0.3491008728624003,0.4559859758437117,173,11,0.021086346793399713,0.48550146383069925,0.8128913779169485,0.5371301203037783,0.09686385773141881,0.635710198614281,0.058359992856488296,0.7953625069035891,normal
27,udp,ssh,42112,47286,SF,1,0,0,1,0,0,8,1,0,8,4,0,0,0,36,124,0.6875404434598216,0.4024179470933391,0.49152774498821183,0.9983358665480727,0.2668084888002126,0.35578855328609327,0.7816323885355533,28,10,0.505044632654074,0.27868847658864315,0.4455333018321017,0.9667610754009104,0.8672264116919071,0.40617525362459017,0.8107346088003236,0.3048730169935543,u2r
289,tcp,smtp,5971,14060,SH,1,1,0,1,4,0,7,1,1,5,0,0,2,0,17,98,0.5397469557043032,0.4091246188077725,0.2517738331250542,0.5069504943425084,0.6309314297211989,0.675878889306354,0.12512691609049265,185,69,0.39581992489404894,0.8409311341104263,0.8043192620745833,0.8856766707234301,0.298943764631466,0.9849432768070548,0.8177362475799225,0.6461913045601843,probe
152,tcp,domain,43703,46562,RSTO,1,0,1,1,3,1,1,1,1,4,4,1,3,1,18,108,0.8549347518090976,0.44399618892498527,0.29236608670277675,0.7610570674749996,0.11171972942018593,0.06559293531169008,0.5704325873373446,21,86,0.8351481564738222,0.9239433271453235,0.47204785687583695,0.16675672178460033,0.0724182504569244,0.42675508363247916,0.6225708657141414,0.8006099649444481,dos
2,icmp,http,24038,8533,RSTO,1,1,1,2,1,0,7,0,0,9,4,0,1,1,118,5,0.5366085952685373,0.6273087121140475,0.23172513897805702,0.8437989626058396,0.016872568198426308,0.969048492404021,0.10879775545178938,48,189,0.3050590928852436,0.0037087499594349316,0.38984779316035223,0.8661438487882364,0.1599590321254838,0.4353506877259704,0.9334551955054824,0.1681185353360899,dos
248,icmp,ssh,38161,48243,SH,0,0,0,3,4,0,4,1,0,8,3,0,0,0,129,67,0.18949584488527527,0.3938920892343324,0.41688354084693047,0.30082365646680587,0.87874281300062,0.9151526707954384,0.9292428945477379,251,173,0.8868513747543061,0.23813925212625264,0.09054874070588981,0.6841957539189665,0.4615151094240858,0.2952263637255589,0.05873483668183921,0.20586662759111996,dos
180,udp,smtp,28296,41940,S0,0,0,2,0,3,0,3,0,0,8,0,0,1,1,52,38,0.6002935812747271,0.931970546852401,0.10876369645467132,0.3408366796756711,0.28978176180961324,0.3593741987969026,0.4150238731850251,202,59,0.8688798056124183,0.014322853482441444,0.8168888049293229,0.9325510250921235,0.17780935325304892,0.5010100200798611,0.31960944070855846,0.4877460767307087,r2l
155,tcp,http,16440,4780,SH,1,2,2,1,4,0,4,0,0,0,0,0,3,0,96,45,0.7778423299497089,0.3582941116005879,0.10850727802352289,0.8072206040234113,0.47422004027526576,0.19584855808498447,0.29456959765138413,178,232,0.8073098405508573,0.6702170553945694,0.22391456549217859,0.09020556995456219,0.6153529250849892,0.4155120180218007,0.9439067617579076,0.3586236062173732,probe
22,icmp,ssh,26848,49323,REJ,1,2,2,1,3,1,1,0,0,9,2,0,3,1,81,32,0.5314633796043219,0.1862651852377566,0.3591781798027097,0.22870471956653227,0.6988922012201533,0.17207736380168903,0.01746334386270798,90,85,0.15932861702342493,0.6788484539315585,0.05710003004794584,0.2665607267929435,0.043424081565134665,0.5970761385780152,0.7391616816954121,0.2856296727488533,probe
187,icmp,domain,32822,23186,S0,1,2,2,0,4,1,8,0,1,9,2,0,1,1,171,181,0.3267998249420194,0.1370399450507649,0.46443938584907496,0.6050091123353193,0.6094475235855336,0.41437804457332705,0.6924180439481562,92,189,0.4087406017722347,0.48838189019198286,0.3074468793393855,0.760792526561494,0.4721976689868739,0.9336724347271771,0.06394917503355069,0.8885634293495819,probe
205,udp,ssh,46095,23507,RSTO,0,0,2,2,2,1,8,0,1,0,3,1,2,0,14,186,0.5230654857898971,0.7822577437917385,0.48543559851876983,0.6175564049643038,0.538770756060753,0.1251818958667369,0.822758758126208,30,65,0.17682338531165742,0.2265710232726713,0.5381160910028877,0.5884032644128725,0.5606943506629799,0.5880565184811714,0.09190425868435981,0.32708480277968666,dos
137,udp,ssh,878,35940,RSTO,1,0,2,2,2,0,1,1,1,1,2,1,4,1,180,16,0.29743413953606457,0.39434943884134643,0.5662900328785395,0.7090673429018594,0.9423781851855932,0.24820683716751457,0.059820395762235634,77,21,0.3053534873484415,0.3231213371894841,0.43738591903457935,0.7994121265546474,0.2993898204614627,0.6274037548046074,0.9747803593112955,0.2378715990762299,probe
71,tcp,http,17345,31715,S0,1,0,0,3,1,0,2,0,1,0,1,0,3,1,54,171,0.5332110725202746,0.6350528911111503,0.8893071688844894,0.08470696300928804,0.13741556687453005,0.07794046561341972,0.9937805434243293,92,209,0.9367464387163263,0.36432566864326277,0.28335958761840097,0.6359123538703993,0.21964063594986816,0.6319113470814794,0.20876034666895704,0.27979076978167794,normal
87,icmp,smtp,38426,14143,S0,1,0,2,3,3,0,6,1,1,0,4,0,1,1,152,149,0.7415755428234049,0.5112084694603851,0.9817824054706102,0.5572944244352784,0.7668759431947513,0.13575760463248698,0.9012105192577027,49,233,0.13686740442903833,0.7840228790050655,0.33494120156669904,0.4076520745947907,0.0075919309497335385,0.3842408029970916,0.3304068853854245,0.305468190334541,r2l
67,udp,http,18032,33288,SF,0,1,1,1,2,0,9,1,0,4,4,1,1,1,194,11,0.6753906474074589,0.1345368547240683,0.44017287319751397,0.41860853094941297,0.09038487368315462,0.6126939176068533,0.4034710482459045,252,149,0.7867050814027038,0.6645656512350271,0.8517943251685154,0.21737089931960396,0.8334120356166802,0.01950275739676166,0.051429013553912384,0.20747305019356965,probe
281,udp,domain,47003,32361,SF,0,2,1,2,3,0,1,1,0,3,3,0,0,0,148,91,0.9580878356320872,0.8309677343975216,0.06801731886083351,0.9760508048894625,0.8641257651142381,0.7869657295215261,0.4436162563660021,4,162,0.978257776016979,0.34453628301410444,0.005627434041209245,0.35735927279739155,0.08277739078916657,0.9588940302033423,0.27433271244945945,0.9343860012219558,dos
99,tcp,ssh,25235,10529,REJ,0,2,0,4,4,0,1,0,1,5,4,0,3,1,76,45,0.8136215230802664,0.26486072773404434,0.8045083815594707,0.9463274726301225,0.044648103416697005,0.1312168932347073,0.9530947258992188,16,96,0.14029609573686408,0.5161260288364883,0.5375764538783222,0.2871174696903944,0.5566378893808405,0.2189057092788227,0.2094368231929895,0.8323442415959025,r2l
281,icmp,smtp,11718,26259,SH,0,2,0,3,2,0,8,1,1,9,1,1,3,0,38,102,0.16152335137830498,0.8521875779365631,0.3616396296538197,0.9714402968530452,0.021083557770120165,0.6397859328564331,0.7058708208277585,194,201,0.19768552374376425,0.3378911426176776,0.8100272987484348,0.7979940900017711,0.982197724687778,0.46383896574317995,0.0020868337617684363,0.679379190565195,dos
225,udp,http,25446,16947,REJ,0,2,2,4,4,0,5,1,0,3,2,0,3,0,185,35,0.14058484536453197,0.1365241626874767,0.0773888192075457,0.266143796780259,0.8411708064852158,0.014456731124812938,0.30896009692243964,206,211,0.09500126875818393,0.9987036076885187,0.43121519406100983,0.8362507663679893,0.04327937388146319,0.5530793819251929,0.27826440295257804,0.8379306743505837,normal
195,udp,ssh,11362,12194,SH,0,1,1,3,3,0,7,1,1,5,3,1,0,0,155,29,0.11349289311490696,0.393886011543337,0.11184571188469383,0.5032659985355532,0.9419699312382163,0.7838718909737877,0.4303782372741546,13,239,0.025363391812567082,0.3636374403993534,0.5313622657971417,0.1899499781369145,0.8965111336741374,0.7896491642355539,0.8646099025776673,0.30135399275477215,probe
173,udp,http,9851,39533,SH,0,0,2,3,2,0,3,0,1,8,4,0,1,0,148,125,0.920511603875967,0.9654314257380097,0.7372354673268668,0.7344845952419632,0.11384315366891162,0.9383879578906384,0.9421528259420556,239,185,0.8828015044595844,0.873570572657873,0.8989760259385579,0.6715849234762822,0.10385731724448943,0.9574382038529107,0.6925354949070308,0.3759666160213987,u2r
222,udp,ftp,36194,39505,RSTO,0,1,1,1,4,0,3,1,0,7,1,0,2,0,169,190,0.8037301478367693,0.23291035117106473,0.49326922447256294,0.8004042899346279,0.3942331147758088,0.1137121354021815,0.5642406690417014,182,92,0.632401427332709,0.992872305113461,0.9630011634990818,0.9138042163026706,0.06801569788690853,0.0985913057333716,0.47489153148563745,0.276113838099578,u2r
28,tcp,ftp,5228,16487,RSTO,0,0,1,0,4,1,2,0,0,2,0,0,1,1,93,167,0.3462912096483022,0.08518729145480552,0.1829520936148974,0.08519679304328354,0.9039478780727747,0.6480158610708996,0.37025937444043844,50,70,0.10931402449230032,0.10344601843048373,0.6936540281439609,0.9405087138411071,0.4594307153579882,0.8885844170316411,0.6071747727853228,0.5821084637029249,probe
291,udp,http,6802,49730,REJ,1,0,0,2,0,1,3,1,0,8,2,0,4,0,40,54,0.7447300153204235,0.9959322798229935,0.4334383613089662,0.41103285336206163,0.47311530423826453,0.24530059655860703,0.9830631689700517,170,112,0.7180371150735926,0.6077017040091295,0.011910955409998758,0.08203209222323382,0.7418845309720223,0.09440045121103846,0.0628823561081765,0.9212704774431416,dos
134,udp,smtp,11136,27932,SH,1,2,1,3,4,0,1,1,1,6,3,0,4,0,192,135,0.4401057271550717,0.561598897029997,0.9136268319331489,0.6268352503242199,0.5809126885926804,0.39490168062672315,0.4630957096733458,72,77,0.020113428521431165,0.847225497553793,0.6120530220551423,0.8896316539436152,0.019649706628761976,0.0142166396828044,0.8845854781475748,0.40679330517138224,normal
86,udp,domain,34745,21709,S0,1,1,1,0,2,1,8,1,0,1,0,0,4,1,56,56,0.4539770706386681,0.6178973856302595,0.4547212915154968,0.11434172320342606,0.19685556894279066,0.9536926843713999,0.8936604185122954,75,150,0.9418869822256075,0.3996647315251912,0.8255380203612156,0.7048397274245397,0.7811252162327517,0.6382235363868652,0.7027545387577376,0.44537402127173953,normal
137,tcp,smtp,7081,16763,REJ,1,2,2,1,2,1,0,0,0,8,2,0,1,1,82,180,0.6169307693919976,0.19745993467185619,0.889323055597759,0.5868664913185362,0.1934823633066013,0.9026616942678137,0.23877208380775228,83,142,0.29821375694026864,0.3908914344653145,0.6218223318398476,0.5274838893014465,0.258692146009168,0.17581688571678056,0.8991439767346332,0.657095174100079,probe
152,udp,http,45732,44511,SF,0,2,0,0,0,1,0,1,0,5,1,1,4,1,146,60,0.06402179763252669,0.9824635793164976,0.22092784247628283,0.4641733251710316,0.836955348603385,0.3826756353326555,0.9060197515575578,71,146,0.5516220716379123,0.18994076677092409,0.7030183300516457,0.26080545833356206,0.8702893461052409,0.3839635542717622,0.0116833924059494,0.36975845856207945,dos
131,icmp,ssh,38808,19876,S0,0,0,1,2,1,1,1,0,0,0,0,1,4,0,163,24,0.4520934814364621,0.18727354334004964,0.9835380428464907,0.6464470890628665,0.6630793311555917,0.8012457710279656,0.09582110591689053,124,132,0.1764726013075809,0.08300884871396152,0.11817956835228172,0.01489769671943375,0.6226773901310505,0.08191048801674405,0.3487130853068665,0.5607745599381266,normal
271,icmp,ssh,1734,39717,REJ,1,2,2,2,4,1,0,1,1,8,0,0,2,1,107,190,0.3311900504518709,0.01662752271582746,0.5688936631736375,0.01281873960351676,0.9314361712229027,0.13647400096335072,0.7751905742533037,65,210,0.3102259191389941,0.16671152940820655,0.47553144435752026,0.39508604077752674,0.7287991759939197,0.7893106281200211,0.052235058698118175,0.020362906847617657,probe
35,tcp,http,43633,32890,SF,0,1,2,2,0,0,7,0,0,4,4,1,0,1,165,187,0.36291176618619125,0.6323445676459472,0.2800689859452937,0.34184855145040904,0.3461593732692566,0.07580482164875801,0.8697612490131998,101,111,0.43888062357651036,0.20490985544527818,0.4866548610278775,0.5540715566731123,0.18360444194247239,0.36075875101477417,0.7031174373202265,0.3646276132642806,normal
25,icmp,ftp,23762,49503,RSTO,1,0,0,1,4,1,1,1,0,3,2,1,0,1,86,76,0.2849281204204752,0.7592584103050821,0.9199853489078724,0.35111173622385816,0.2818028369224137,0.0282157485591662,0.55208565632857,110,131,0.8989905429145024,0.877855408312865,0.768154902228633,0.6012749856099916,0.4552555892393617,0.5607049580207745,0.1177681984696074,0.5359834052610621,probe
1,udp,smtp,34044,852,RSTO,1,1,0,2,4,1,3,0,1,5,2,0,1,1,66,7,0.2825112395575935,0.8494293914345171,0.7454810701995871,0.4812287264998282,0.00020173020447089574,0.34927396930443166,0.7295879919544842,1,226,0.822051663994036,0.7103760916283229,0.33030675572466106,0.9117904695930973,0.9925271010397483,0.5313493599535843,0.23144496959796523,0.3013076372354626,dos
12,udp,domain,27386,21531,SF,1,1,0,0,1,1,4,1,1,1,2,0,2,1,182,175,0.46820907636105324,0.5180784899920499,0.5944425947492058,0.1657769183970641,0.06127175960068321,0.025962117635062953,0.852074816279255,152,91,0.02183411195327023,0.2657003737664977,0.45018865555096677,0.3792764893236994,0.790893509972943,0.31588349121284387,0.22399238140312727,0.2587535039830061,normal
198,tcp,domain,22501,28849,S0,1,1,2,0,1,0,4,0,1,2,2,1,1,0,131,90,0.5076668398149952,0.3620614574577582,0.2926488267549895,0.2534394376424691,0.9449024769801827,0.8217169377855392,0.4235523414745481,86,192,0.9130353844563337,0.7160827206377778,0.35448100154633766,0.34557551105809703,0.34498261660615404,0.9919690502167882,0.9157448843370534,0.4639289191377468,r2l
15,udp,ssh,24595,28399,REJ,0,0,0,3,4,1,4,0,0,0,0,1,0,0,192,60,0.7811218126476231,0.26992235322347224,0.20578465718310823,0.25791469926528954,0.6704432315061857,0.7309609891308316,0.5470387068360709,84,47,0.004328642097755964,0.6855342655297577,0.17426832980222007,0.47338746288704325,0.6040458191493688,0.5864701918205829,0.2336365058922779,0.48577242232853024,u2r
175,icmp,ftp,2797,7585,SF,1,0,1,0,0,0,6,0,0,8,3,1,1,1,23,93,0.3125721442568885,0.7424425500532031,0.5972797531160341,0.0868952531893048,0.5431663843960036,0.5997080970108688,0.29313487906250946,240,215,0.27899281339197646,0.9994454563089981,0.815778629006942,0.09571887124695633,0.7635732416829221,0.12986677757948895,0.367356765336603,0.2069162600986295,u2r
205,icmp,ftp,9273,17989,RSTO,1,1,1,4,0,0,4,1,0,0,0,0,2,0,184,154,0.8855253021132072,0.12703204216800523,0.9106493763768541,0.10727768759318668,0.8626844717729549,0.31543829022960856,0.8750445947906751,91,209,0.8706246605815202,0.6586121712792947,0.3199580193813113,0.13701029538776055,0.6243199937179086,0.5818740536514396,0.1045353015617112,0.2207712314914193,r2l
88,icmp,ftp,45058,10244,S0,0,0,0,4,1,1,0,1,0,6,0,1,2,0,179,80,0.6338610698702706,0.2534022296386885,0.3567806511548074,0.7754228536148662,0.21189211297596022,0.8081186967212888,0.13311762878552458,49,155,0.1563250552049693,0.9897807623165943,0.24263957776257206,0.3786130513140007,0.7769338739926889,0.7057577194046978,0.24551065625638913,0.34229614429117516,u2r
158,tcp,ftp,26357,42517,SH,1,1,1,2,0,1,7,0,0,2,2,1,1,1,39,65,0.8639884768515749,0.3151841332682821,0.37202976631841245,0.1872455633524165,0.5991709832546611,0.17467651230364978,0.2758479127896448,79,140,0.1383521614382568,0.24387025169140486,0.2535501820103455,0.7531339747335981,0.3707816193332423,0.9074201781736574,0.38968281186309217,0.348464402890462,dos
290,icmp,ftp,40666,12125,REJ,1,0,2,4,3,1,9,0,0,3,2,1,4,0,111,180,0.19650725253994017,0.4623972835081591,0.6084741689446928,0.07793866127034055,0.47296948566238894,0.2579853509286216,0.6975469273914253,152,163,0.43066188591014887,0.8135452867983869,0.3492558258031355,0.3999442026473575,0.4761502556672793,0.9292156357263386,0.01767189831625715,0.8518577080536728,dos
182,udp,ftp,48404,20717,SF,1,2,1,2,2,1,3,0,1,9,3,0,1,0,26,58,0.592885960960458,0.18358055828826314,0.19917426260183035,0.46421425592209,0.6091718963556961,0.7908156913444457,0.636083236955688,37,146,0.13397755507810172,0.4740430702134347,0.946474402655792,0.36916383018792565,0.7754748699356063,0.9916742734139339,0.7526520515559708,0.9269301266858924,normal
46,udp,ssh,1634,964,S0,1,1,2,2,4,0,5,1,1,7,2,0,0,0,139,137,0.9890546105360754,0.07094488782520358,0.8888916835640687,0.2514624459720499,0.5398666317928696,0.24843564075803148,0.6540502418582232,78,226,0.38962875260451213,0.494648355494375,0.018700810893566344,0.996046230222119,0.4405417305168883,0.8758537711490498,0.7598716555802116,0.199859355611668,probe
57,icmp,http,33644,28862,RSTO,0,2,2,4,4,1,8,1,1,1,2,1,4,0,179,136,0.369372944665905,0.44363685586493584,0.7913402334575047,0.5760802362476207,0.2858072897848577,0.27667178737896003,0.30157725264645685,128,102,0.14082301035290457,0.048986884532806196,0.6061914891370799,0.2074594465526185,0.2656662368387588,0.1396712292435437,0.327802616954771,0.713371309230791,u2r
164,udp,ftp,19742,39874,REJ,0,0,0,3,1,0,6,1,1,2,4,1,4,0,43,41,0.23809155938219972,0.19306053919414634,0.4932305227766528,0.5292985606904761,0.10301525695761504,0.23860403354360848,0.9364807408098927,82,101,0.19777040239348775,0.17689721142762116,0.7584989386110557,0.7807778260636179,0.8649706042609265,0.4859934660210621,0.7077585684114442,0.6043119051818735,r2l
296,udp,smtp,22742,3742,SH,0,1,2,2,0,1,3,0,0,0,2,0,4,0,76,131,0.504305407863868,0.8772613440462272,0.6732803587896037,0.4054576583029954,0.9295585597577771,0.2855235983002893,0.4464217360374615,61,101,0.9760950954097989,0.8981440299398101,0.7438015274549266,0.6209744723247868,0.6002342002837379,0.7037973144364384,0.9932898833217633,0.96344132151514,dos
143,udp,ssh,4478,22026,RSTO,1,2,0,2,2,0,6,0,0,8,2,1,4,0,59,74,0.6063986521447596,0.6594339663351191,0.5708996092768871,0.283632489803031,0.8145611739352023,0.5318483918338698,0.09444002647639493,239,184,0.21211085865634938,0.7096878641349277,0.9333148865763996,0.48238669836448045,0.945645296173658,0.014140634527345153,0.7377577184873838,0.5262541727301098,u2r
31,tcp,ftp,631,49651,RSTO,0,1,2,2,2,0,7,1,0,6,4,1,4,1,132,16,0.5007974771846735,0.9428909860790533,0.560033556255257,0.12965149510886975,0.9855035289704088,0.8552739338439325,0.03498524430609362,23,81,0.3916955331451002,0.47363205244790996,0.94356173351705,0.824127203418028,0.058606110580149195,0.06992898316610185,0.9227134973588673,0.971004092078806,dos
289,udp,smtp,6911,11868,SH,1,0,2,1,3,0,3,0,0,3,4,0,3,1,142,145,0.45912137520079765,0.019401381450048327,0.37789127896153096,0.586722164965326,0.24710442269199195,0.9681648771843104,0.8496850279044506,64,200,0.7723679444839451,0.15810486670851465,0.7379161312662333,0.37922284168810205,0.41265883183711427,0.006294921459954583,0.35325690557135714,0.6562167354357247,r2l
295,udp,ssh,28126,24574,RSTO,1,1,1,0,1,1,1,0,1,7,4,1,0,1,15,163,0.8358023494445014,0.5618829163748316,0.46559242998149475,0.5505100979856891,0.6663777715569684,0.45603280275605806,0.6905478185365445,236,32,0.008887164996020824,0.6107600245752379,0.6045885739900377,0.611677906337272,0.4936762885204171,0.2782744054217826,0.5784506178597154,0.6383537721556956,probe
283,tcp,domain,45929,33834,RSTO,1,1,0,0,4,0,7,1,1,1,0,1,2,0,34,133,0.34909067472341815,0.34764773865077214,0.5313447646918832,0.035744198720648046,0.5254566732095238,0.4011080773609951,0.7045859723290132,87,142,0.6812201922699578,0.646048701973429,0.655020752494589,0.9308830005330605,0.7000364242431512,0.8019403606405879,0.8122491336459197,0.886402780377709,r2l
134,udp,ssh,25071,24209,REJ,1,2,1,4,0,1,0,0,0,0,2,0,3,0,134,91,0.223119022884383,0.3574601874697517,0.6032085815954389,0.5169786800316399,0.557962447372058,0.045257817667431866,0.36637198272731664,224,40,0.3119867453100047,0.059093321080884054,0.4570330551822118,0.44103949831808464,0.6316718627931623,0.5731252869258302,0.4283804885183945,0.21566664584400397,normal
7,udp,ftp,26393,49743,SF,0,0,2,1,1,1,2,0,0,5,0,1,3,0,77,172,0.0848685008283171,0.45122690107508,0.15692302511302847,0.3801630541794452,0.4632520791757949,0.544352012243032,0.40325060936613255,48,217,0.33580780892258366,0.745701262332075,0.44995449926310405,0.735285512897405,0.7158668409303677,0.8028647038277809,0.601941033908926,0.3396131692869957,u2r
224,udp,ftp,36084,27794,REJ,0,0,2,0,3,0,9,1,0,7,0,0,4,0,72,29,0.3219948475080022,0.6452614566590005,0.992185349149406,0.3288201725932738,0.3268440039276481,0.8676631054163915,0.190112126125335,160,180,0.5596231242128563,0.9634806080575504,0.6919231934884473,0.10968080628175692,0.9055782099633927,0.018500887909391084,0.2191783108267472,0.08057533901719571,r2l
197,udp,ssh,15366,2802,REJ,0,0,1,0,1,1,0,1,1,0,0,0,1,0,144,90,0.5838244241976402,0.9704006453915517,0.9757979105119788,0.22422582533206759,0.9433019776305925,0.992289084187225,0.3574305097181135,206,163,0.6589827314848073,0.7695627038388132,0.8333622976605755,0.5318027931498857,0.6160947224320114,0.8129498806152757,0.03245191788265911,0.3941289493075276,normal
173,icmp,http,7235,4335,SH,0,0,1,1,4,0,8,0,0,5,4,1,1,1,176,36,0.1346318387273715,0.6806845800443566,0.8084144056644071,0.5515563780625962,0.5683386895613098,0.15211868657489724,0.7083930262488615,21,64,0.13859372837276251,0.36048762789770306,0.6482812385043489,0.16270411758230352,0.2976069135878323,0.3199761346797786,0.5211899071880362,0.9916612953976215,dos
32,icmp,http,2491,36630,SF,0,1,1,2,0,1,0,1,0,0,3,1,2,1,142,155,0.19397980195210518,0.33869653381645415,0.8311152561072022,0.0507303441425333,0.5270548252737696,0.5889403047055811,0.05886125280570653,212,6,0.789426801301767,0.13677525729670625,0.9870239454394724,0.05863897065041612,0.008266470749752508,0.20799506814414737,0.8395497175837681,0.3563663780409263,probe
240,icmp,ftp,41071,41197,SF,0,1,0,3,0,0,9,0,1,4,4,1,1,1,96,100,0.9066420015193146,0.18162984799103266,0.9613226983586302,0.6136738951839761,0.5710523215259871,0.533846801895952,0.34139157317752955,9,192,0.3002923283334207,0.6960510918460141,0.28762959151189105,0.20994679054545207,0.4879423251028937,0.2110999413425112,0.12023011002091766,0.8731024599179359,dos
165,tcp,ssh,14854,49306,S0,0,0,2,1,1,0,1,0,1,6,2,0,2,0,188,83,0.01924822864501019,0.328124687904911,0.5428142698648085,0.059539381311929374,0.691777852398057,0.757600937816732,0.31207603836065345,101,152,0.7059303863787467,0.39999557797805285,0.3600648054708584,0.4929404475230862,0.6225807832572707,0.498078796728338,0.9469717564648281,0.09747129582057257,probe
227,tcp,domain,11368,48128,REJ,1,0,0,2,3,0,2,1,0,1,3,1,1,1,150,179,0.11474140794210541,0.06478768976177107,0.09398383256073073,0.45073312313355574,0.22513134913632038,0.5180401767556359,0.607243235463528,253,237,0.6535472206251544,0.4993549415797084,0.9068718193743086,0.5595851469359114,0.35624860335290964,0.7661537171915411,0.13486765227067576,0.5459126055123883,u2r
97,tcp,http,31727,40721,RSTO,1,0,0,4,1,0,0,1,0,4,2,1,0,1,84,61,0.8254188004572096,0.032676935336899304,0.7228888295221743,0.16830344235441408,0.2191957317439398,0.7119409561149693,0.643620826265244,229,128,0.7969887281753659,0.5414998576230073,0.7353193244095291,0.33482442711859084,0.1058319949222648,0.9858687272508897,0.36700421682916784,0.6342375771005581,normal
64,tcp,ftp,34162,33840,S0,1,2,1,0,4,0,8,1,1,3,3,0,3,0,100,173,0.19562198347461612,0.5378885130153842,0.9599602397323738,0.4858123285745892,0.9897521452110911,0.015147912192019275,0.5974146643044353,77,237,0.30875754741253836,0.7240563494259099,0.783524801012917,0.21136969331476385,0.44115860963492115,0.5097333534902888,0.06875719416605575,0.058171148526133365,r2l
25,tcp,ssh,39874,9989,REJ,0,1,2,0,4,0,5,1,0,7,0,1,0,1,27,156,0.3233076812971839,0.8014703687440983,0.9201840625081674,0.640683006454544,0.4670044883196868,0.2634585703536606,0.8067382613362257,213,195,0.8644533523285866,0.5780913681878382,0.9352508569548701,0.7200239380598588,0.43668074662845446,0.68448909735373,0.1511141346977667,0.533757283331218,probe
226,tcp,ftp,47628,8492,SF,1,2,0,1,3,0,9,1,1,2,2,0,1,0,66,164,0.4443675259705657,0.6866967538852224,0.3022916155756271,0.24714144032050167,0.7033020519326569,0.07099068721725565,0.5410202599777595,56,78,0.9123071085209603,0.0828249550265503,0.645606864745276,0.8258680024674026,0.006115649725759176,0.33712103368121915,0.09141248736439334,0.2306334666541795,r2l
68,tcp,http,17383,9653,SF,1,2,2,1,4,0,3,0,1,6,3,0,4,1,86,8,0.6240237811105137,0.4118581013550793,0.7769052575300023,0.13468805730195343,0.039116045833649804,0.732858156620098,0.12845244440617853,117,157,0.7760390411877875,0.008706132720545212,0.400091778661539,0.6470427357917118,0.8022735216544048,0.6709908251588999,0.7644037068422717,0.02201013121484474,normal
98,tcp,http,21783,48949,REJ,0,2,1,2,2,1,4,0,1,4,3,0,0,1,172,189,0.23261168278209132,0.5735592567237144,0.674014026493466,0.330862204431856,0.6311558293088612,0.07914568683295953,0.6585656178429835,241,182,0.12686464676896725,0.3517430428185041,0.3937761563234752,0.26029969183016066,0.6126901954452626,0.6905643807285481,0.6833111543711007,0.517322115980869,normal
101,tcp,domain,49635,20349,REJ,0,2,0,3,0,1,0,1,1,6,4,1,4,0,114,96,0.03219214468984888,0.7332265198139284,0.4585140920561659,0.01964792796575221,0.41269429682598957,0.4890577554315624,0.7842114773224632,219,7,0.2673734308746032,0.9140275872229489,0.06965853278211764,0.9307875367175907,0.9967394689008487,0.4597372545498498,0.37941025360355685,0.6285005481730639,normal
127,tcp,smtp,25501,47766,S0,0,1,2,1,0,0,0,1,0,9,1,0,2,0,124,51,0.9724204655316526,0.7123790080607345,0.2060074709495443,0.5932321936461356,0.9981635736163689,0.017178095383548198,0.9259406301293833,171,21,0.15957160883103683,0.7981657604742126,0.9199367994512206,0.8556915882203238,0.41352512188353174,0.6406422462902318,0.38149693408760343,0.11313911763362716,normal
84,udp,ftp,12858,478,S0,1,1,0,1,2,0,0,0,0,5,0,1,0,0,27,168,0.5279500412688614,0.6815056301301128,0.5892285656585151,0.874964652303876,0.9572839823216351,0.7330529876862351,0.7376235567486813,80,123,0.5328596864796634,0.460828840046841,0.7654786286849792,0.9619860813030431,0.5555392004864727,0.2126183320661993,0.26126026174358163,0.13087329636433487,dos
227,udp,ftp,21979,40525,REJ,1,0,1,0,1,0,7,1,1,0,3,1,1,0,166,66,0.7623168722096728,0.45128567604896974,0.6373031655988265,0.6867299081749391,0.7385701228454036,0.26126990653170235,0.5390296928024804,160,205,0.4017463229903584,0.49135602830825476,0.8459815364384637,0.8572938773689597,0.6920986330499351,0.8692595207318765,0.3479573062543483,0.014695197741271149,dos
232,tcp,domain,37722,8834,SF,0,2,2,2,3,0,5,0,1,2,4,1,3,1,7,54,0.01851916995795133,0.520269010053045,0.44467391790072586,0.39851250705254404,0.16452622223659408,0.07087897451644343,0.9759337810060076,187,92,0.7613290686568243,0.6991659893879799,0.758451045139721,0.9906285030906953,0.6347981173598634,0.5802577705860748,0.17912707151099616,0.05709921907078963,dos
127,tcp,domain,6733,13940,SF,0,1,1,3,3,1,3,0,0,5,2,0,0,1,160,53,0.7211863907354068,0.22052359299927027,0.7015700943156966,0.6573414002489295,0.7330839675632853,0.5770761247444435,0.7254826650516719,209,171,0.7945673267694771,0.6765904471404124,0.04509277191907468,0.2746940925550857,0.8926123298595015,0.2524412976445851,0.9677502759809661,0.09379390611346372,probe
8,udp,http,14893,33341,SF,0,2,1,2,4,1,3,0,0,3,4,1,2,0,133,22,0.7001031229258705,0.6040020631911226,0.2258546824986266,0.8730994471407202,0.19507179353211967,0.6626701037975816,0.2800006234413318,219,254,0.5547011647421187,0.777780346706893,0.2003489479391546,0.673703707669022,0.9284036633910782,0.4055659143014745,0.608922750870795,0.9914453743041672,normal
161,tcp,domain,25333,5617,S0,1,2,0,0,1,1,6,1,1,4,0,0,3,0,18,92,0.5708805475031359,0.4324773671161234,0.014974692423902147,0.6489603840210991,0.15532648099928537,0.4287788530300315,0.183611268367177,124,244,0.6394777193870024,0.2342293289127929,0.34005229423153316,0.7507493092617253,0.11503720279401486,0.35651530975251167,0.9979639678753419,0.5544392219175867,u2r
206,icmp,domain,5787,10027,REJ,0,1,1,0,0,1,2,0,0,3,3,1,1,1,152,153,0.04935673519224981,0.4315111205741363,0.947213229021294,0.7511299795921957,0.1057564438387083,0.5407668592508555,0.8289540906411228,179,180,0.4700968167980297,0.5706068979091424,0.20695433851383915,0.39463428597543593,0.10252908987092779,0.3573418905095065,0.3358028175828085,0.2808771379288356,dos
47,tcp,ssh,28275,11626,S0,0,1,0,1,2,0,6,1,0,7,1,0,3,1,135,128,0.9921710190728985,0.5809071408154064,0.7306721805980887,0.3315646938299349,0.8785297760427841,0.6351201836809458,0.11051237280809345,172,45,0.370754862500821,0.16637813003603907,0.4210519140515099,0.8534799463423133,0.9291088062571337,0.9740190703514908,0.1637573717125036,0.2931036505078638,probe
263,udp,domain,41073,42889,SH,1,1,0,3,1,1,0,1,1,3,3,0,4,0,198,132,0.30555697812545823,0.2977880426938091,0.4052362833162584,0.05741715678518711,0.1425088680580333,0.42620008020082234,0.7212308029340372,6,165,0.29602481561437377,0.7107619201938498,0.6816982931780248,0.42266206956846164,0.7889434125743554,0.9689644870799893,0.7302698831505194,0.4927228712764872,r2l
7,icmp,http,5108,38945,SF,1,1,2,2,2,1,1,1,1,6,2,0,2,0,22,35,0.9712008907909074,0.7821472834763976,0.536251601817966,0.47829261665982736,0.6095787704310363,0.6096046720571476,0.17139204044546963,226,70,0.05102496841432902,0.9214222435973352,0.7075401784642517,0.7312908518694737,0.4167225066615421,0.29930836931446525,0.9333274377332362,0.18007114328062246,r2l
25,udp,http,15324,8957,S0,0,1,2,0,4,1,1,0,0,3,4,1,2,1,157,25,0.060788235049036854,0.9454413436080977,0.2288785398497124,0.29898349952509584,0.28847496823124974,0.915923567527998,0.08033380247421129,100,246,0.45565448740222714,0.7793996664736299,0.5149273147032511,0.4265305418835794,0.6369913119752781,0.9853677650697158,0.8223106107913511,0.10120207337036224,r2l
103,icmp,ftp,26532,32612,S0,0,2,2,4,4,0,6,0,1,1,3,0,1,1,64,143,0.5849701061339712,0.5514536830475479,0.45683020061643764,0.8187085470055043,0.4483790423724707,0.25793887753830425,0.3342451635789192,70,56,0.20456709933736428,0.9642789446790352,0.8930579327156101,0.6514788063504943,0.8384700927127186,0.7506184486234325,0.43446250161175837,0.040425993838351104,dos
33,icmp,domain,5600,13752,SF,1,2,2,1,4,0,6,0,0,6,4,0,3,0,41,71,0.9696771641320531,0.5267537569538087,0.2825383037045218,0.9816097452711949,0.589141969493447,0.31939681609134507,0.428242890853343,101,179,0.8650510967537623,0.9259158539715918,0.8569451468745436,0.24316416468934698,0.9299562387505032,0.9404213676434768,0.16546715832757541,0.9116298630013508,normal
264,udp,ftp,15594,45015,REJ,0,0,0,2,3,0,7,1,0,3,2,1,4,1,145,151,0.9557007341207377,0.9857358089607718,0.17236826717055664,0.7924976930760556,0.397808830413666,0.2425931308528182,0.8666894267031507,213,87,0.32465955797160995,0.4249612991015309,0.6762048006462033,0.16937376700431994,0.4924576323607812,0.684988977902015,0.6762424776627777,0.6830388155383865,dos
84,icmp,http,27548,10991,REJ,0,1,0,3,4,1,5,0,1,5,3,1,0,0,2,8,0.10971081632045132,0.5593657696911472,0.3600536773166485,0.8596875178435233,0.1550229364592628,0.37895226943792726,0.4610167211873737,86,17,0.7905907527053672,0.40735481456464384,0.3568411637022135,0.2609550433259863,0.8954384819160587,0.7128123820778391,0.048245246989785495,0.3390185748511255,normal
288,icmp,smtp,4151,40569,SF,0,1,1,0,4,0,8,0,1,3,0,1,3,1,180,97,0.205915055079671,0.7456106244809567,0.1297674459373217,0.9490479658270343,0.16721889540941015,0.14787632133192863,0.9251672453766,116,88,0.7204877938620866,0.30332341104750293,0.2201397515640351,0.01683748571704302,0.8563443466976374,0.33908011315619924,0.6544093925816292,0.32899488947070865,u2r
40,tcp,http,9929,28074,SH,1,2,2,1,2,1,1,0,0,7,4,1,1,1,29,114,0.08989699082372127,0.7414955203935092,0.8301934869112597,0.30602868255556903,0.9812700441604048,0.06197419476292032,0.7422190758498884,69,9,0.4666199756745618,0.3796167314292582,0.1455251581337299,0.6310059408653483,0.24234709577925295,0.3531564680667536,0.8557963040375961,0.6452701870601127,dos
25,tcp,ssh,8000,25335,REJ,0,2,0,3,1,0,2,0,1,6,1,1,0,0,79,155,0.3531994609846326,0.7725008461781222,0.13266111971582706,0.18967099808235077,0.7047637094222307,0.21329602020270177,0.31441849662147725,187,205,0.3502726142679333,0.6407745140272931,0.2998951516226652,0.9699741895735436,0.8912936563708184,0.7750518581787719,0.3395608544627555,0.3619457780209081,dos
164,icmp,domain,17832,47156,SH,0,2,0,2,3,1,0,0,0,7,4,0,2,1,194,149,0.6729205248947894,0.8777615895424008,0.14048342419516513,0.8201931863062207,0.844140532297148,0.44924860304521763,0.1876390673555547,206,208,0.6168214585950683,0.4721424617089963,0.5255504132967387,0.758291347408919,0.21950973910932514,0.4978642441979957,0.8202067677290262,0.16008951969304974,dos
286,tcp,http,4026,37431,REJ,0,0,0,3,3,1,1,1,1,2,4,0,0,1,85,192,0.11151496576857955,0.9965293161725629,0.732895696127863,0.0013699034555757494,0.6196144812092146,0.22290787081821417,0.9744737722159889,4,229,0.8974634813855364,0.675627580627957,0.38279657657584054,0.7441389072155473,0.9369803103463284,0.7659544346678032,0.4800192771320444,0.5784575985536863,u2r
222,tcp,domain,25512,12227,SF,0,2,0,1,0,0,6,1,1,1,0,0,0,1,170,149,0.9492044927364234,0.2676332479197391,0.8408483885258469,0.7700441751554225,0.14623905991741448,0.11640232030020425,0.05124559227408154,223,173,0.715190781614733,0.5285757451189868,0.43343335051213405,0.9037155895270002,0.056018179295293735,0.3147565191506416,0.5699718595383532,0.9224604425411282,u2r
197,udp,smtp,28183,40377,SH,1,2,2,3,0,0,0,0,0,4,2,0,1,1,42,28,0.6181705176303784,0.9696989153406657,0.44628240593853474,0.4285618070083863,0.5664646866498659,0.7689972875813259,0.42988453549196537,31,102,0.7780904623701778,0.45872551236359715,0.3854085426009276,0.6310391530497833,0.2298859297560074,0.7677950235194959,0.0979854023392418,0.057463497328459345,u2r
101,udp,smtp,18614,49084,S0,0,2,0,0,0,1,2,0,1,1,4,1,1,1,116,79,0.2553948882189089,0.421710394706695,0.4680192648466115,0.5687927345148867,0.2134277915763052,0.9020187613367591,0.8246487171834891,201,47,0.971904455635523,0.5496350130693516,0.939701705388572,0.9592817163095068,0.5382118464837988,0.20060026794720087,0.8603296196117545,0.4775870695853094,probe
211,tcp,domain,42011,6535,REJ,0,2,1,3,3,0,8,1,0,8,3,1,1,0,186,63,0.5316563864724703,0.706960705307109,0.9261753116903492,0.8140899614708534,0.1086396417262282,0.8795167786190792,0.5338469498907675,37,17,0.2934760585864905,0.5496760945874279,0.9672845440072395,0.12265254517761848,0.011208602145000413,0.4919525187941364,0.8767945480457547,0.5185838467229227,dos
201,tcp,ftp,17795,46120,SF,1,1,1,1,1,0,9,1,1,3,1,1,3,1,36,154,0.04492292891918859,0.31889249066166026,0.6430834282449471,0.009019750661763082,0.8338596164799947,0.8424242984753234,0.6086323725528079,156,196,0.7698189811070277,0.2221884349491735,0.1845794656983467,0.4568293235665918,0.9604033274256333,0.7074233999724509,0.9469034273105651,0.565343755815192,u2r
259,tcp,http,40975,27685,RSTO,1,2,2,0,1,0,0,1,0,9,2,1,2,0,186,150,0.8310069028566852,0.8937189981247262,0.8981309544670759,0.1961211439051701,0.3480526635096959,0.4858054752303188,0.6038178110596292,246,15,0.6080621717719944,0.6070282244501002,0.5390481993923755,0.8549996682717154,0.574871232634569,0.4463262419350392,0.49542218019185535,0.26612354790141823,dos
30,udp,ssh,35617,15930,REJ,0,0,2,3,3,0,6,1,0,7,1,0,4,0,115,6,0.7860486169054262,0.22168439544411422,0.4080722135081748,0.7882008014470963,0.566674538779423,0.9853146805352203,0.6215293431531201,236,161,0.40058773364803957,0.9128450054040631,0.554519101458583,0.9601395724439308,0.33533308118542215,0.743290209752645,0.030472741980884677,0.2758759354207555,normal
236,icmp,smtp,28153,44252,SH,0,0,0,0,0,0,5,0,1,0,2,0,1,0,19,100,0.4694320894588069,0.317245589645632,0.5453289719274211,0.12786182915507982,0.22958723092761435,0.2777460850789225,0.7082564979688554,227,167,0.15264909793318437,0.7038079495412797,0.7136383343560091,0.003925093315781614,0.05944138677152855,0.35130298231461465,0.8015926622778394,0.9566032446000807,normal
20,icmp,domain,48507,40369,S0,1,1,1,3,0,1,3,1,0,1,2,1,1,0,181,189,0.24884206589219182,0.5437604747451589,0.13036498377146577,0.7756434503973848,0.8568495218949113,0.4354905892060813,0.45377209472519675,181,251,0.8977014840706399,0.6380900782580685,0.05663680953507022,0.4466495429959334,0.2853565260776265,0.567289322352886,0.8296990035775017,0.6012070040007705,r2l
104,tcp,ssh,3766,16374,REJ,1,2,1,0,2,0,3,0,1,5,2,0,0,1,74,177,0.4833692379355089,0.4078697193460751,0.35087237127428594,0.9226885833044577,0.9564996605322841,0.6513433255681366,0.19833540833427044,220,118,0.34202312173873783,0.8793442343509449,0.11296868968387397,0.7412235575428064,0.21594825057987133,0.4047610655414243,0.008870688430199003,0.4450338364878679,r2l
153,tcp,domain,45323,30699,REJ,0,2,0,3,2,1,1,1,1,3,3,0,2,0,55,69,0.2825439139896243,0.6822402043562619,0.0404189580346086,0.991478755949725,0.5554737510123384,0.07529294350203852,0.17739205921769752,107,162,0.7899156451816035,0.28823776538315216,0.21882157973926852,0.3448438877125207,0.1351983865840981,0.9437577686960142,0.16334682653923727,0.5713321188378927,normal
17,udp,http,9775,33313,SF,1,0,2,3,2,0,9,0,1,3,4,1,2,1,77,115,0.24629178385634032,0.8562649618364114,0.7728812596910521,0.952567434813444,0.024006440752810332,0.6583297465895332,0.5194675146177579,232,39,0.3914727870330236,0.5399961961791457,0.10334540045574336,0.8511585215695078,0.46385982031268247,0.3774276570846883,0.6407749245027572,0.379381189657901,probe
29,udp,smtp,30056,23669,RSTO,1,0,2,4,1,1,2,1,0,7,3,1,4,1,44,50,0.37266695891094126,0.41555479259710515,0.4153728609534916,0.1546744699228666,0.18037850183974513,0.5227330285741556,0.07509968472275774,8,149,0.5283518065096964,0.1810853269644772,0.3828145003073308,0.6187893100734133,0.5129493720067005,0.8481662475242165,0.4133970771476835,0.7834422264579954,normal
17,udp,ssh,49993,39541,SF,0,0,2,3,4,0,6,1,1,9,2,0,2,0,82,0,0.6007074077155072,0.14395671136885146,0.4594147511934197,0.9682266358636721,0.6573610162178094,0.12007061169690081,0.22125667695316564,153,131,0.9092262374441726,0.8862294747555681,0.5204945543560191,0.11435629270769654,0.5245675926029167,0.41238774592933314,0.04479129048150143,0.3661964152619299,u2r
182,icmp,ssh,45657,5866,SF,1,1,2,4,4,1,0,0,0,9,3,0,1,1,67,36,0.23612119434040846,0.27857916982642994,0.3396040133892878,0.8273345314071704,0.15702183600427633,0.8184319801523147,0.03282644440134541,160,158,0.4303499052146168,0.3509658283935163,0.9258076639358608,0.9143805392646721,0.9212115576993907,0.18321848246949557,0.5675050868554632,0.23890127234763747,dos
243,icmp,ftp,10154,39033,REJ,0,0,0,4,3,0,1,1,0,8,2,1,1,0,99,174,0.11845156956101988,0.3577815575225436,0.9972914730721351,0.05483920269970777,0.7564094669331001,0.757889884378162,0.14921160423757096,244,12,0.8442586842206068,0.304837841589337,0.5539023078685125,0.13028572399215932,0.8849241802499666,0.8361518606728134,0.6026427531976603,0.3354644316978578,u2r
214,tcp,ftp,19305,30643,RSTO,1,1,0,0,3,1,0,1,1,1,1,0,1,1,160,15,0.1200420151647641,0.03206449665397104,0.12422969271620832,0.294873094809709,0.14180135752183975,0.7048339999574933,0.14701639668585886,13,62,0.7108624450307036,0.06833124471039032,0.7702030475018425,0.926685787557531,0.13726732133516162,0.9297989695247303,0.08604277356457868,0.057727931288688694,r2l
235,udp,ssh,4325,10819,SH,1,2,1,4,4,1,6,0,1,3,0,0,0,1,10,83,0.4836353336039124,0.18604595759107556,0.8928077387641199,0.6699816108313047,0.9012840186687643,0.8711955193342904,0.4517794882706745,88,95,0.931944001650158,0.9914295858556267,0.6929632210676332,0.03789204117850886,0.9840737709038537,0.4586327504527541,0.9583735567673033,0.9519815239533876,normal
272,udp,domain,47148,27408,REJ,1,1,0,3,2,0,9,0,1,3,3,1,0,1,52,98,0.08176502137546149,0.5157750221783625,0.37195986198797126,0.48872018361474023,0.4728625923714658,0.5125460254086411,0.7324366121890978,22,84,0.244203872482732,0.39615919982117265,0.6959824692743161,0.26949917427612513,0.8334956454263631,0.2763953624237768,0.8192775107373241,0.621150208890943,r2l
188,udp,smtp,47589,17657,REJ,0,2,1,0,1,0,2,1,1,0,1,1,1,1,80,114,0.5597879860865423,0.5624193399141207,0.5233678735192188,0.9485129748723834,0.30620635254404394,0.17715389620252242,0.12537759359019984,0,53,0.1450006520126066,0.23070030327377955,0.7376728591147895,0.8964829109346302,0.9512330100146208,0.12448643295531403,0.1866982961665722,0.4637354194722034,probe
70,udp,ssh,38335,12370,REJ,1,2,0,2,4,1,5,1,0,2,0,0,2,0,79,99,0.13085915389849379,0.893810748614272,0.736537008308392,0.7699940328736599,0.9889018938369022,0.2470890853051555,0.10540457438947837,222,163,0.456000874270465,0.9688364577644514,0.2558285021662664,0.8771686613643969,0.7945137117564176,0.3972360031651915,0.944111574447164,0.4026744117079657,probe
116,tcp,http,49389,46010,SF,0,2,1,4,4,0,2,1,1,0,3,1,2,0,176,53,0.9152310189276461,0.8341726006447928,0.6051441233325049,0.4203884954760494,0.058924238748811475,0.5554068883662626,0.18337578418248857,122,173,0.834433175194232,0.5404670648798865,0.9579564862713927,0.6150290194511137,0.8318776001991185,0.6067300783107308,0.021016854855771094,0.04410108855076278,normal
205,icmp,ssh,43827,27985,REJ,1,1,0,4,0,1,3,0,1,2,1,0,2,0,33,63,0.8620236613128783,0.059466172116712235,0.5461675353837152,0.9750769760779427,0.1988832085652843,0.4657943795659585,0.20999466360244334,30,238,0.15909272352949078,0.9210359706007724,0.25883205558613875,0.2969259831008876,0.03435661213661012,0.013076378756110896,0.6776989019267157,0.42385363172136614,r2l
285,udp,ftp,12536,48705,RSTO,1,2,0,1,3,0,1,0,1,6,2,1,1,0,41,175,0.483651780250558,0.3277144361921962,0.8015088506627116,0.7472517385519921,0.28215223261795475,0.6134937912363004,0.36725135785484886,153,203,0.31556097773351577,0.836530561963776,0.8670243757841969,0.00533726473207452,0.4476233926498955,0.4849376606177117,0.16730826282910027,0.8297144298081895,u2r
10,udp,ssh,35534,45812,REJ,1,0,1,1,1,0,0,0,1,8,1,0,1,1,65,34,0.9471005427711604,0.11079718213253176,0.0700983020805358,0.9259596213750365,0.40235125656080795,0.8791038023401582,0.935525295635445,177,33,0.34635800948103657,0.6798956352750735,0.8095211125829789,0.5486332646984913,0.781845238273363,0.027760360618819147,0.35141731285095557,0.682719514667032,probe
84,tcp,ssh,34770,25999,SH,1,1,2,2,4,0,7,1,0,3,2,0,0,0,102,23,0.0844919343979601,0.016969693622900794,0.9321896427280406,0.42677111940077894,0.7162412650320804,0.8183139136400401,0.6904416077459603,56,36,0.8593791503937507,0.780527032783979,0.5294476106099101,0.6709928477766813,0.38393821676616036,0.8008447155208319,0.48731154072737126,0.44148846588234325,normal
116,tcp,ssh,689,45704,REJ,0,0,2,2,4,1,5,0,1,7,3,1,1,0,124,24,0.9213384304099529,0.6011590545271467,0.2911995524924833,0.13825702737079282,0.3204353027123581,0.629289359601674,0.5880478329974346,28,108,0.8616010524647992,0.5528383875047603,0.5738330863352641,0.9066552052535939,0.13110341684311633,0.2811994796225862,0.7858894453729417,0.36910737907424984,u2r
230,icmp,ssh,43524,16197,SF,0,1,0,0,3,1,2,1,1,0,1,1,4,0,83,85,0.8153082918468407,0.4739677805795508,0.7494022229434238,0.9585277003714214,0.4163718790785601,0.5746318611274118,0.9029943715616501,38,151,0.44027644956667744,0.9053024848161615,0.5682005956687276,0.8636393435763501,0.644224216257339,0.9911079858889621,0.635901360393255,0.6956546412156419,probe
23,icmp,ftp,32455,41119,SF,1,0,1,2,1,1,7,1,0,2,0,1,0,1,118,191,0.16475008963015947,0.21620746558177906,0.79230155569742,0.7730004814302222,0.8932933552669541,0.2060124239833634,0.20926124597198525,245,191,0.6107058233965376,0.18116090551950814,0.2974075538875991,0.14286042815248223,0.8435129393874136,0.632397083025971,0.7228757344589533,0.00869845732773089,r2l
242,udp,ssh,16300,17475,S0,0,0,0,4,0,1,9,0,1,5,0,0,3,0,196,126,0.29279978693313546,0.9725674419779141,0.3582853305743974,0.029220033786595767,0.12502058114027392,0.6057829364891713,0.9056993935292951,252,76,0.24148307357957888,0.14752196629008474,0.1342917445902202,0.4191056386577082,0.9531940528911681,0.9667286678131837,0.8264851515594033,0.3788620308185573,normal
229,tcp,smtp,6403,7616,REJ,1,1,0,2,0,1,1,1,1,9,2,1,3,1,184,89,0.9583126939870956,0.8679887664587891,0.47206989178905245,0.3143479534653689,0.3571417386602399,0.2692234538997911,0.127281894483685,227,251,0.3844126188400596,0.16360887877026808,0.47596956498974463,0.6106411044594456,0.41888455155210025,0.2826536828685634,0.40594371132633333,0.5306764485594085,r2l
171,icmp,http,13052,30047,SH,1,0,1,3,1,0,8,0,0,2,0,0,1,0,190,71,0.9239208671630681,0.5432037210965994,0.019346446382646598,0.07318648562450181,0.7677598534777862,0.5289736091637741,0.5021512899187858,192,250,0.1956648302466676,0.20441631648435277,0.11620201652474382,0.39796284616314614,0.8508123567573468,0.7370079312578314,0.047861608901298536,0.31801156136121933,u2r
254,tcp,ssh,19706,36452,S0,1,0,0,1,1,0,0,0,1,0,0,0,2,0,54,116,0.2281944680986735,0.9792830603261418,0.3887467578121603,0.8221551118929227,0.42737650454391507,0.8559332683866125,0.2705649405401409,27,75,0.8128713406159248,0.9866188067053243,0.7219412262908252,0.6235296778986753,0.9379057668666293,0.3444213161081582,0.4489515764579639,0.7918750056457559,probe
214,icmp,smtp,47340,39669,SH,1,2,0,2,4,1,0,0,0,6,2,1,3,1,141,168,0.46320835999994414,0.10814952057195593,0.6322947716260106,0.07802289042378507,0.11639958509775616,0.22040019548954415,0.7770181026403385,145,18,0.2100284697587409,0.008651091064339811,0.10031798376314816,0.49692259704899566,0.6519845306597879,0.45713516096428586,0.05969418261312753,0.06779195681864358,probe
282,udp,ftp,25918,8530,S0,1,0,0,4,1,0,1,1,1,4,1,1,2,1,186,41,0.6446046756502163,0.45797685453466197,0.35929170234296426,0.17628037680305686,0.6304309637521927,0.9484322740978567,0.15000420139810522,158,156,0.379261758883078,0.7031021631484493,0.25826998700386783,0.21714936978348376,0.028558712455625135,0.9881885270492156,0.8194114999969608,0.19159781393360298,normal
163,tcp,domain,15310,14964,SF,1,1,2,2,4,0,8,1,0,7,1,0,0,1,40,16,0.1147181264080901,0.9817265627293591,0.10691933399600562,0.3653971910424265,0.4453879859104092,0.1871103760057755,0.21805929940689994,221,126,0.46840852111148457,0.465382329632558,0.06076397911635567,0.06612240235816869,0.04451859745970832,0.48188213720165196,0.037235468458575616,0.799808376931064,normal
179,tcp,ssh,40548,6311,SH,1,1,2,3,3,1,9,0,0,7,1,1,3,1,179,38,0.012534571326952126,0.7066823498322516,0.8611699840198831,0.9687347844263713,0.44083637545259347,0.48702264810927287,0.4673091736052868,33,165,0.6546959730829514,0.01074211189694374,0.3508105276045853,0.5733900103119247,0.9567548978091203,0.7140207973314205,0.6529099499686547,0.054010560316747225,r2l
122,icmp,ssh,5744,33463,REJ,1,1,2,2,4,1,4,0,0,5,1,0,1,0,151,142,0.7254395853498934,0.9952996095015701,0.44657946051856745,0.0811817372455862,0.005017430172914561,0.8812940996950401,0.7936782151864559,48,99,0.020750464513179967,0.2685536291065702,0.7659779045659546,0.7385255285742073,0.9483032343051696,0.6219159339711926,0.21675099803321385,0.12664311850387278,probe
136,udp,http,26028,16730,REJ,0,1,0,3,4,0,3,1,0,3,4,1,2,1,118,10,0.013072536185282813,0.8781158540225222,0.12216102891405689,0.9189656842081076,0.3697217024310848,0.5911891388058129,0.9486123348887924,56,234,0.1947171060911319,0.38571150520527064,0.9597155079601237,0.04315808399151455,0.2681552594051684,0.8792909658086037,0.9590378904771143,0.2510191457383756,normal
217,icmp,smtp,38741,5981,RSTO,0,0,0,2,0,0,7,1,1,6,0,0,0,0,185,64,0.6120002084352695,0.5533545468457514,0.11759692573894753,0.9426647727704289,0.006102926953088894,0.8443568432854085,0.22884244225137673,67,63,0.9063548048956306,0.032734133861264,0.9215789016379673,0.3540416623058067,0.4426465045104704,0.733065234816108,0.6852077496998182,0.4742840173409463,u2r
297,icmp,ssh,47204,26899,SH,1,2,1,2,1,0,7,0,0,4,1,0,4,1,11,104,0.2368186617748419,0.17473177192744171,0.5041045551999678,0.25136256887485775,0.2517991009640136,0.9208892810417617,0.08636509923724267,77,90,0.8588159184878716,0.29016377741462773,0.7533703588295918,0.8469558441664151,0.6575767358215284,0.6680602387958727,0.03694124876114424,0.5744410672611907,r2l
228,udp,ftp,2983,5813,SH,0,2,0,1,1,0,8,0,0,2,2,0,0,0,141,149,0.10905890276109953,0.6132522261144252,0.2938657239502752,0.05554542487574343,0.5847327431722609,0.2949902914228475,0.550620525643872,179,218,0.33141637644020483,0.5305293219347931,0.30579020433543147,0.8200405174552097,0.9605381003984056,0.08980377540264861,0.37129308468391475,0.19756225728519583,u2r
150,tcp,http,38547,47423,S0,1,0,0,0,3,0,5,1,0,6,4,0,0,0,133,186,0.8328041296705039,0.7803127872445572,0.33580661197905426,0.6847364899942706,0.3905459572710003,0.5503715895163728,0.8173938304303134,18,169,0.18239764355249355,0.37923651557275917,0.7152814681988306,0.6466859198374818,0.8252508010127616,0.5399690779806011,0.38770251394928135,0.2621464490391664,normal
189,tcp,domain,27305,26572,SF,1,1,1,3,0,1,7,1,1,6,2,1,2,0,156,41,0.7736260951606777,0.12152311322081777,0.6102444355251139,0.2592560077344679,0.6749777268212279,0.07301341617551471,0.7560760206990176,37,173,0.025533878616076255,0.3098312196266688,0.6372593855963602,0.20698084519873505,0.49249232478824423,0.9487440825916503,0.6834876852412523,0.20865812387216898,r2l
36,tcp,ftp,14642,15126,RSTO,0,1,2,0,3,1,6,1,0,5,1,1,3,0,86,166,0.0632717584299548,0.5787267588188737,0.2962529553919713,0.3911096158788826,0.24869495838204225,0.6144417130304944,0.04454070755813189,81,212,0.1133980920797143,0.09510443073790809,0.7054247569910654,0.6784467351019751,0.9245161830691165,0.4451746368286711,0.9354793486297508,0.6276685334787804,probe
292,tcp,ftp,585,4726,RSTO,0,1,1,2,3,1,6,1,0,0,0,1,2,1,42,87,0.8560765434579328,0.6683066336198179,0.867869509794883,0.7287361707824236,0.09012512250812688,0.5968057020335995,0.7167553196299029,247,208,0.12437077576134814,0.5866397797065985,0.5707630883159966,0.3571411232042284,0.11244038839769588,0.48934352214433763,0.7355836484822268,0.8822820509764381,dos
156,udp,http,16483,6022,SF,0,0,0,2,3,0,8,1,0,0,0,1,0,0,172,184,0.3871265196103827,0.3496664489083301,0.4354288106609817,0.8562106839908076,0.37927141633737105,0.19945629729247516,0.24372643514205983,4,2,0.22838317672335817,0.12363640186554126,0.9829637207871206,0.6428856516748528,0.2857268147258235,0.5671070033240698,0.1974894174020112,0.0852155895121649,u2r
138,icmp,http,8563,40421,SF,0,0,0,3,3,0,4,0,1,9,2,1,1,1,83,126,0.8722901791417397,0.6556556649709703,0.8070682694123092,0.05999363648029177,0.003937605648402731,0.05714379891321286,0.9934590436503007,48,219,0.2823504276966009,0.08092465741002286,0.3639124334636601,0.0212729870640197,0.5271359354645805,0.9227315575660573,0.6128087741334369,0.16933775540422513,dos
15,udp,ssh,1960,18343,REJ,0,1,2,2,3,0,6,1,0,8,0,0,1,0,13,15,0.06615921735193797,0.4908683581467729,0.12915398730822947,0.024172085266718435,0.8373485170667883,0.7111533928272079,0.03396653924337267,220,6,0.42664353546440914,0.6656786914453435,0.5412325278239374,0.7516704864801649,0.9455532598371545,0.578755529487188,0.3468208910689222,0.6344409974276669,r2l
8,udp,ftp,20279,13934,REJ,1,1,0,1,2,1,8,0,1,5,1,0,3,1,54,42,0.1894524046991266,0.9134433918541345,0.8487697709973593,0.757941037922208,0.6544838497209262,0.9216914107124711,0.4293448447353615,31,124,0.260458533425835,0.9060162254275379,0.9099361071223466,0.29078971272307896,0.462783374481315,0.9681435251278173,0.06436621685816957,0.36812770935531447,r2l
37,udp,domain,43226,39072,REJ,1,1,0,0,1,1,6,0,0,3,1,0,0,0,128,89,0.40272639763762286,0.261700843163304,0.4378682156747269,0.18105579523497206,0.3987609226889818,0.04722053964554851,0.2941834738153911,104,105,0.15341530644623436,0.23240544980565114,0.825220960898752,0.5793581147206082,0.4292285059057209,0.0901162908549864,0.4014192774684996,0.8887486001603666,r2l
163,udp,smtp,2167,13707,SH,0,0,1,3,2,1,2,1,0,9,0,1,2,1,99,170,0.7550521591488799,0.5088502558831537,0.7290972718996884,0.45490641274617094,0.17004912960584484,0.9816263337547911,0.8236647375586156,248,196,0.1211552411191602,0.9432796257657156,0.1991881975508487,0.7071652870050217,0.771480768160587,0.005330174487839789,0.7042596641573667,0.9284446852367298,probe
55,icmp,smtp,41956,8009,S0,1,2,2,0,0,0,7,1,1,0,1,0,1,1,82,161,0.27358713930412815,0.36674299710655756,0.2135662357902759,0.5901367988561439,0.9508434922882113,0.4572228650094685,0.4155566129096778,179,48,0.6089543162920452,0.1532042409147022,0.610938520834099,0.1525531137472459,0.10952275488203855,0.2942207051577249,0.6212933416557561,0.5796836785352909,dos
210,tcp,ftp,2245,34656,SF,0,1,0,3,4,1,0,1,1,5,0,0,3,0,178,102,0.7852069830689096,0.9441213484055092,0.8390732453005222,0.5135439715080079,0.26477817478763777,0.043258821401889525,0.13608771995344537,250,122,0.8975302559331957,0.6193808887421287,0.36003295598439555,0.7087269084975673,0.6148050856395286,0.4293412824052856,0.5349925591522809,0.2319377266826368,r2l
108,udp,domain,49081,28563,SH,0,0,2,1,4,0,8,0,0,1,2,1,2,1,39,195,0.23180779144680452,0.35272737842173785,0.8856220867675461,0.17527266114560613,0.6532327678947756,0.8101058514711017,0.10958606266943949,182,242,0.024754287121431795,0.7804378704687854,0.6883677011351583,0.9083848589258484,0.8941930807142313,0.1864540645467362,0.13585438822726137,0.54706267907865,u2r
208,tcp,domain,25274,44375,SH,0,1,2,0,0,1,2,0,1,4,4,0,0,0,179,55,0.16764091718101837,0.7913009392778534,0.19351699079647544,0.967830175996468,0.2559069874552521,0.1324578928837361,0.7928261127727718,103,231,0.7119752389664771,0.2678955478379964,0.4761697408444172,0.6186252465440264,0.9771577773673279,0.703348570684895,0.6864065184811681,0.21197501531205587,normal
189,tcp,domain,3050,18712,SF,1,2,1,3,0,0,7,0,0,7,3,1,1,0,78,88,0.34249315243749434,0.37235463435010996,0.964003460526112,0.8552606664727902,0.9914879120902774,0.04934066353885813,0.23313227444286366,168,183,0.01541688802093133,0.659499651883388,0.2691737628783758,0.1118400301162058,0.9894691291727,0.16936183051503495,0.12574521171108233,0.34809351130441246,r2l
201,tcp,http,45640,5312,REJ,0,2,0,2,4,0,6,0,1,3,0,1,4,1,67,116,0.6129658836406667,0.649021313665531,0.923463830467498,0.02649928769024712,0.9047940625627413,0.9282400746792776,0.6641064099780367,51,4,0.8665023264544243,0.4527342751498211,0.9266338982795205,0.3192022210067731,0.18281886195867758,0.8819877948575429,0.07439270431750389,0.9188494286687846,normal
218,icmp,ftp,49068,20335,REJ,1,1,1,0,0,0,1,0,1,8,0,0,2,0,102,23,0.21526107588788013,0.8458459234532351,0.8095835430295121,0.9978978364086896,0.3925999371174598,0.18337045702127464,0.7095081603473725,176,72,0.1823924240983572,0.6234761067244234,0.713442418034618,0.44228463460504563,0.44802312891080853,0.7950124435280675,0.32665557003593415,0.9884468944220909,u2r
210,udp,ftp,16992,27482,S0,0,1,0,3,4,0,6,0,1,6,3,0,3,1,52,118,0.6248616481666935,0.8704057621113783,0.5010491171367222,0.49144854002990124,0.2516381739747833,0.01553266837800138,0.611043677859332,20,202,0.4909909870333783,0.8092614432039918,0.11325964355875506,0.47058058446977136,0.9700734220068519,0.8935363270918437,0.8974111866464733,0.4802950773386533,dos
246,tcp,ftp,39135,24403,RSTO,0,2,1,0,4,1,1,1,1,0,1,0,3,1,21,114,0.8567031009759898,0.7383273018952571,0.28641239329064283,0.9818635719091519,0.9592270933981272,0.419595394417288,0.9920361831031295,229,146,0.9321015934579033,0.11794660174115945,0.4483724853325791,0.4098395351430518,0.05630578506425943,0.7010602181579779,0.13937871201056196,0.6493624682028777,dos
25,tcp,ssh,27572,42477,RSTO,0,0,2,2,3,0,6,1,0,6,4,0,4,0,163,52,0.43569766422172196,0.31092315967524253,0.7500173951217926,0.9080703820665242,0.5115318624548133,0.32795985984829834,0.5906867704864948,113,72,0.5698359107225774,0.6670674601384157,0.8258005713755441,0.0997519005676476,0.3938143314027829,0.7845610005809138,0.735915016073781,0.8210289493908728,dos
74,icmp,ftp,3024,15203,RSTO,0,2,1,1,0,1,5,0,1,6,0,0,3,1,175,2,0.6003575538976573,0.186636318906363,0.9226387638072314,0.2196448390873178,0.6045614609147948,0.16895756297733222,0.3770931306052907,15,111,0.15693614663339706,0.35365115729802366,0.645763673366203,0.9235248080206505,0.3594573704674199,0.9859447404790438,0.7163387623031836,0.31393168113350145,r2l
198,udp,domain,6998,31418,RSTO,0,0,0,0,2,1,1,0,1,7,4,0,4,0,6,137,0.591626302370237,0.0794877835925849,0.9576436202818865,0.05120717683492593,0.1752566662629922,0.7512600477281777,0.6776253145422252,92,76,0.8178306007186751,0.6324384573043826,0.46164140733183634,0.032787538702640284,0.49959619739994554,0.6585270413296733,0.9914910801652935,0.6882559462155481,normal
246,udp,ssh,1353,41234,SF,0,1,2,0,4,0,3,0,0,5,3,0,2,0,83,2,0.031746208408041765,0.381958916238329,0.10192407070969034,0.7573502849933348,0.31954317055698256,0.2793899574177655,0.4259933646403946,123,28,0.9027476506267761,0.6504051137098045,0.17592509454383287,0.7014734962263084,0.7813542571101174,0.4351200242628036,0.5546312265115122,0.3358760275218936,probe
5,tcp,domain,4609,44006,RSTO,1,1,1,1,1,1,1,0,1,6,2,0,0,0,196,172,0.6684281287568646,0.6632845073653757,0.9451821234096158,0.38100107506559555,0.5655385392581376,0.10387525772068618,0.31081461267929356,14,218,0.5224586465146283,0.27832231155330034,0.46416408988767943,0.11174454214718854,0.9271085036362854,0.1522578765430369,0.34638257261898975,0.6218584967052718,probe
11,icmp,domain,4299,12861,REJ,1,0,2,3,0,0,9,1,1,6,3,1,2,1,118,86,0.3690447220754004,0.9895664394261665,0.6987576678858264,0.0798616460089091,0.9602574459264585,0.2335942875461704,0.29539604723775004,176,83,0.6789897987376863,0.30077786624512737,0.05660273810994243,0.491982343589485,0.4818376971648426,0.2871382275492905,0.6199120432243707,0.3465393701656264,r2l
96,udp,ftp,30053,44305,SH,1,2,1,1,2,0,5,0,1,4,1,1,2,0,92,156,0.13523382189612754,0.8834041352006757,0.8091704375423313,0.9999007973185102,0.48757003229534446,0.07851901210234669,0.7352986240880203,26,232,0.23131333348248506,0.6535071125811956,0.03531649005488402,0.0019045048964726474,0.1370734096418469,0.8006706169767693,0.5435375357960488,0.6614243876907528,normal
161,tcp,http,47808,16617,REJ,1,1,0,3,3,0,8,0,1,9,3,1,4,1,37,43,0.0514391917525735,0.754014905126738,0.6158543005853494,0.6457412796953428,0.15859327807465606,0.6077007615526685,0.2689136413365857,115,31,0.5880935228191867,0.46229514030014895,0.3717524880471873,0.5441756503257492,0.7676309318302393,0.9563135009494137,0.5773027232154934,0.8665015134937266,u2r
109,udp,ssh,45688,41304,SH,1,1,1,3,2,0,4,0,0,1,1,0,1,1,194,171,0.21753384760859995,0.6756196285099731,0.5346263632498139,0.22589825892533355,0.2315870267723782,0.4726657335837524,0.4467749370098456,205,218,0.4599593135280555,0.5854880027096249,0.8175106432261295,0.06587107689827443,0.16520880793518922,0.1531475861590963,0.9350819068891156,0.8019973240567849,r2l
138,tcp,http,38206,2217,S0,0,2,1,1,2,0,5,1,1,6,4,0,1,1,92,133,0.20468262336481546,0.0007937277462986003,0.3180710825781271,0.8796656769517448,0.042421652947955746,0.05269005823812867,0.9878161671552599,3,15,0.2957617196383914,0.09019011584774717,0.4715954809561773,0.44388636414858496,0.7750186449192313,0.5559588218910516,0.5152988525093715,0.10216937707098916,normal
97,udp,ssh,33388,25796,S0,0,1,2,0,2,1,6,1,1,6,0,0,0,0,2,151,0.6205860700064363,0.030939614145680583,0.3730159416356065,0.4896165572351141,0.43537320662721724,0.4257894359021014,0.11879413562308072,56,1,0.46529391853334845,0.6067220682176396,0.07615435673010229,0.2607260422422303,0.6601807413169345,0.42916387756554064,0.5502155058576738,0.7810386361007524,normal
135,udp,domain,3277,659,SH,1,2,0,1,1,1,0,0,1,4,4,0,2,0,20,20,0.24062028317119677,0.7820492012027175,0.3535743008551041,0.2578335520345115,0.6030031336673793,0.6894274484695561,0.08674539453598396,178,182,0.7389742868884502,0.5637597535704428,0.7716812145358689,0.9195992534607584,0.32642516683418143,0.9133682470908883,0.7248148208018071,0.43608786398112864,probe
36,tcp,http,195,23423,REJ,1,2,0,3,4,1,3,1,0,1,3,1,0,1,92,73,0.40325098324778075,0.9941671711807415,0.18343328699033057,0.04623670051910822,0.07576849041349876,0.24319687401904488,0.07607192618650671,129,225,0.44695806870747734,0.4712204997579872,0.03879662255591898,0.09833525141257549,0.6893269460760688,0.6484767800543767,0.9577668981928905,0.07383861301716443,r2l
296,icmp,ssh,34844,4537,RSTO,1,1,2,3,1,0,5,0,0,9,1,0,3,1,107,85,0.24991290585614567,0.9456828639160014,0.1561517372060386,0.9230293287624328,0.688907756586368,0.5253180777548176,0.9981701807476525,195,160,0.07515377820441005,0.7087720802408877,0.08859450123416546,0.8526044538084123,0.9535024053025907,0.9012611077744779,0.05160196746406753,0.0707043101738174,probe
90,tcp,smtp,22626,45680,S0,0,1,2,3,1,0,6,0,1,0,2,0,1,0,150,192,0.9107451053465537,0.9552327007434718,0.9817543735658207,0.16653616397798676,0.6488494420170382,0.7292223526668977,0.5479305671470299,167,1,0.45445028632416307,0.8786527949119024,0.35834222054997444,0.05966823311416403,0.11942410463850595,0.8363868125251358,0.44256992514463256,0.6018915595364064,u2r
189,icmp,ssh,38552,43897,S0,1,1,1,4,2,1,9,1,1,3,4,0,4,0,7,192,0.6937071946471997,0.03540452827352503,0.05252685007569924,0.5491405778194468,0.8978951698791844,0.5025776503571094,0.1888213160663449,168,217,0.9153542260418337,0.5976375207263694,0.06771346274382795,0.21596109645403083,0.9804472903976345,0.05770966411229206,0.16184126620184092,0.10686028145710524,u2r
193,tcp,ftp,43026,5392,SH,0,1,0,1,2,0,4,0,1,8,0,1,2,0,178,116,0.2829908030917895,0.7867079206474779,0.8750138927055893,0.21093095616815627,0.618518982129732,0.644543495520362,0.6223210847472936,242,115,0.37842589204350996,0.39743188755435077,0.4877784077015762,0.19239486482729729,0.7040349254485632,0.7929978440033535,0.3405040665756387,0.8195698680778145,r2l
219,tcp,smtp,23621,11511,S0,1,1,2,4,2,0,8,0,0,1,3,1,1,1,66,102,0.11670932641145981,0.47614351557296897,0.9511725969531306,0.1379890648935268,0.28076107003757733,0.5151806582959606,0.078526423328804,27,91,0.15680192522842085,0.06663439358895185,0.39451545721979886,0.8074563767951846,0.9184712219698759,0.5125710123908908,0.24768000218960928,0.17491287541520062,normal
166,udp,smtp,45838,43724,SF,0,0,1,1,1,0,7,1,1,1,0,0,4,0,81,69,0.6420270185479612,0.4090818950972862,0.9409120352261312,0.9028609340964637,0.9111597474564259,0.4098465943704709,0.5725652875540984,27,22,0.40483331588391724,0.9189403800379713,0.6839266152232726,0.7018896036651341,0.4797972507854342,0.44392167954614814,0.8993651673622366,0.3794117576416388,r2l
126,udp,ssh,26079,24678,RSTO,0,2,2,2,3,0,6,1,1,8,0,0,2,1,169,98,0.8016374357945544,0.5039946103544091,0.9158063490767487,0.8681119943736754,0.15387364298374984,0.7943041022722184,0.5017037890753689,155,42,0.6792793472444536,0.7572691695423299,0.4775654745883947,0.822428643005242,0.4385915352497536,0.8279494135302197,0.14053965281044134,0.9878151148599339,dos
238,icmp,ssh,45132,36887,SF,0,0,2,2,4,1,0,1,0,5,1,1,4,0,126,10,0.2238089678261409,0.44504382315355095,0.6049342978470742,0.19527915845238497,0.14244757045334733,0.21649704730879527,0.24473926011028713,215,146,0.7842830691170287,0.8774242754056987,0.9817631617813529,0.40924779850586346,0.6976297018972742,0.043724250792514296,0.8019054935590546,0.33261964188611115,u2r
45,udp,ssh,31632,31043,SH,0,2,0,0,4,1,2,0,0,9,4,0,3,1,132,135,0.21132995042738112,0.0030009487506916788,0.03559956789028096,0.9221533359767957,0.4503011015473861,0.31185643920248785,0.2415345167802848,248,130,0.1690861719652439,0.17824602732702588,0.64233963423501,0.523575289851117,0.8058994003005192,0.0012345210134210305,0.21667616284668956,0.19338996563969146,normal
23,tcp,smtp,24410,23537,REJ,1,1,1,1,2,0,7,1,1,7,3,0,1,1,96,113,0.6952876740337162,0.6204769140323925,0.14389227073944155,0.8350836343497127,0.8937635678247231,0.44884170240073984,0.4016384279630194,220,57,0.9063988904799097,0.3590959061887926,0.3230974121071438,0.27267152504031233,0.3076630042291698,0.14970759395210975,0.23526699593081757,0.11372035398310465,u2r
175,udp,http,38090,21609,REJ,1,0,2,3,0,1,2,1,0,5,1,0,2,0,84,115,0.005861957758748648,0.7747947196843427,0.8796405703240555,0.1712086572356567,0.9291498282620956,0.3971727346582996,0.9633969443534358,135,96,0.3982142392586122,0.26293208428003223,0.966680964850663,0.9223055469852156,0.19827941845298813,0.5474839367325184,0.8796585773892928,0.7629633079458007,u2r
196,udp,smtp,30541,15176,RSTO,1,1,0,1,1,1,5,1,0,4,3,1,2,0,34,119,0.9662174079661051,0.1371190618227398,0.6040500187090454,0.6636255492301415,0.34110621570071853,0.11531606549020001,0.9418419340446499,189,37,0.5247618276877243,0.34913089850465406,0.7843835786019057,0.83924250405501,0.21150132582109316,0.014132653961808184,0.4573682621319479,0.2756004761549905,probe
2,icmp,ssh,49060,220,RSTO,1,2,1,1,1,1,1,0,1,2,0,0,0,0,156,75,0.017850742377924944,0.35746421975339615,0.8465496241469549,0.45848680553242693,0.5246869432747694,0.2999039271977346,0.942864860412238,241,77,0.27462566104624286,0.2850075885826354,0.7128609142762403,0.3351913891843692,0.5859785532072724,0.041096819542287166,0.15224433899978385,0.8601227662212183,u2r
41,udp,ftp,15249,37860,S0,1,1,2,0,2,1,8,1,1,0,3,0,3,0,36,4,0.5586717082136381,0.7552931659461442,0.2896829811084788,0.4057905605338723,0.3464462704933766,0.3795824262269256,0.2680141102757141,196,166,0.6264058681490483,0.9275409081466135,0.6037084115938567,0.7284954682543789,0.7025852856671685,0.4675596408702194,0.8102330514285364,0.3014632431189228,r2l
157,udp,http,14629,41702,S0,0,2,2,0,0,0,3,1,1,6,0,1,2,0,199,121,0.13625466300010014,0.8927513123646205,0.033611074982000666,0.13882211660701949,0.06714955691799451,0.037316650905547366,0.9829211027840793,109,128,0.3384654021011799,0.07008690250185046,0.3484070329965496,0.5386116163823845,0.9381991803942233,0.22121265235756082,0.6240895459002622,0.22951498038207385,r2l
147,udp,http,8928,43527,RSTO,1,2,0,1,1,0,7,1,1,8,0,0,2,1,174,167,0.6066211689488521,0.7766348147913629,0.467141676104021,0.6258070754683658,0.6820964949891001,0.48237186656586994,0.39963002636544387,221,104,0.86017315778039,0.8577640232394365,0.5889344755021467,0.6719507727928159,0.9212358998191472,0.26938861573466744,0.5047042288848568,0.28621294174149725,dos
23,tcp,ftp,7294,26848,REJ,0,0,1,0,3,0,3,0,0,6,0,1,0,1,43,85,0.908576212454973,0.5821207796567629,0.6967071139961148,0.8963627205777918,0.4882731711707451,0.4670413365298538,0.8335233616647396,234,33,0.5541495275713709,0.6309447148519275,0.5248696861202492,0.10785378906493659,0.20164535567434494,0.7103983514175071,0.8063408701109436,0.17691036584605047,dos
297,icmp,domain,3082,15248,RSTO,1,1,2,4,3,0,8,1,1,0,0,1,0,1,35,50,0.42148422675711306,0.680416970132453,0.931967788425347,0.3308144955304705,0.8129938591109247,0.9410344944859245,0.7483118875951059,231,64,0.2759234391609535,0.7711558213780569,0.13248172572980144,0.3620982162106715,0.16089239300598923,0.2036466209839921,0.4912780936521144,0.8966518914985026,r2l
5,icmp,http,13857,9585,SH,1,1,2,4,4,1,6,0,1,0,3,1,2,1,163,89,0.8621728703504619,0.7182960474897925,0.286593775751275,0.9849926426142105,0.8609424675196736,0.5390290065111304,0.12007146725008899,128,80,0.5906929571272214,0.22201025061048862,0.705336883921119,0.07677834381834658,0.4249146654832783,0.39909150931154236,0.4883809463770593,0.40040811139449206,u2r
100,icmp,smtp,21730,3298,RSTO,0,2,0,4,1,1,3,0,0,7,4,0,1,0,47,181,0.6978641515787861,0.31352349857195116,0.3766376738460633,0.8351223105328648,0.9670354888808075,0.8048720021646679,0.9444872380421202,246,226,0.3002879203614013,0.6170413879644142,0.990350878005026,0.4000473517126162,0.3624839923820423,0.004792948505497718,0.14561921433976432,0.9936326794394927,dos
279,udp,ftp,24686,29349,S0,0,0,2,1,1,0,4,0,0,9,2,0,0,0,114,130,0.5159917316055291,0.9765740866109326,0.6119234986790343,0.953190126149654,0.7032464214914421,0.2388519107091167,0.45807912594549516,45,201,0.6675920809809002,0.15675062199128287,0.9848222083352008,0.49335211961418834,0.9027595483104943,0.5382425726661805,0.23331971764384496,0.09825174639748646,normal
160,tcp,smtp,18497,13581,SF,1,1,2,0,0,0,9,1,1,7,2,1,2,0,169,28,0.14985266506917194,0.7088214916874528,0.7246205469553894,0.17863990793053142,0.9808008134395736,0.97986558352765,0.5187682122026956,124,144,0.8368444784696882,0.6925132060201605,0.7705151526896769,0.40837152268963406,0.3898485723694999,0.04507829303074118,0.988697595550914,0.7038122411125242,normal
141,udp,domain,19806,44698,REJ,1,2,1,2,3,0,7,1,1,7,0,0,3,1,86,0,0.09390600254468573,0.12445241342938684,0.40730566089180575,0.2779784655599624,0.6904229740364605,0.043889158579784704,0.8696319341536576,197,244,0.018634880802874565,0.5461525449870587,0.20688964519081832,0.7495303080700105,0.4928482450119974,0.15523436205246566,0.5496668015498667,0.9395132682528807,normal
83,udp,ssh,38643,32163,SF,1,2,1,4,3,0,7,1,0,0,3,0,4,1,133,18,0.18939839842525497,0.4600531433024163,0.9509671108281339,0.8222568194893308,0.6653948682518751,0.7683791313375881,0.15625182480163513,242,27,0.014426671429971671,0.3274854901944062,0.2811886571139962,0.46642989620792163,0.18159122947360007,0.2495004820727541,0.566035672978965,0.8969597794396005,dos
97,tcp,ftp,7002,1523,SF,1,1,1,3,3,0,9,0,0,8,3,0,1,0,64,88,0.5009964108292254,0.0006365468179158063,0.5955499264815198,0.2064383566562754,0.22518408679834334,0.1246510378181721,0.8412950453507758,90,74,0.1035420755498293,0.308804003032072,0.5935898435355952,0.9390005134733165,0.2767536582197113,0.6829874653692478,0.2555109963786052,0.3348332712055423,r2l
183,tcp,http,49836,2510,SF,1,2,1,0,1,0,1,0,1,2,2,1,2,0,115,18,0.38550560776473286,0.12274802702664256,0.8518395625490853,0.5265103594516916,0.0720038148519061,0.19082454378934743,0.5085261159796354,214,146,0.7596189461275422,0.7804695876558629,0.09548838844999585,0.6929366089124608,0.4859480150683634,0.41309546562833976,0.14750612512686478,0.16413324805516627,probe
241,udp,ssh,11744,20996,SF,1,0,2,3,2,1,9,1,0,0,3,0,0,0,1,19,0.24869305777590212,0.21485912422396813,0.2928101584484728,0.007085738932966712,0.4071027537631191,0.24362496066508577,0.17890052915469157,34,72,0.761194963693734,0.5403015373812501,0.016441135285133357,0.9111380924652468,0.39439455809801216,0.5385510901654459,0.18753462685950217,0.08796965882099284,dos
151,udp,ssh,4958,35124,RSTO,0,1,1,4,4,1,7,1,0,0,2,0,3,1,60,132,0.8740497901777301,0.897641069116623,0.6113434448057029,0.9786925916159183,0.05037300813854895,0.6796206159075574,0.11283243701042989,109,124,0.39900245231945186,0.34117899149207487,0.7372368888799121,0.9395158415634434,0.7411536899271883,0.035477132541538614,0.5399988186489116,0.09038537484180398,normal
142,icmp,domain,27956,2360,SH,1,0,2,0,1,0,7,1,1,3,1,0,0,0,196,73,0.5455398407412286,0.44735484624744126,0.31201866355368,0.2535552719229732,0.579935351321589,0.8698987519855045,0.9104687436441973,243,64,0.04861721939519581,0.5845841450713474,0.41257267330580605,0.1263282820349355,0.3332623832326759,0.06522903128628843,0.641505270365949,0.47488800142370047,normal
105,tcp,ssh,21232,19324,SH,0,1,1,3,0,0,8,0,0,5,1,1,2,0,190,56,0.5720448287558958,0.7658017611988958,0.9677388263183905,0.09314808808476094,0.07848895009540113,0.5250180953915914,0.0838813379633574,95,37,0.9607785479981683,0.5959613988114273,0.8517698331952638,0.6379444812826043,0.36766181574526857,0.11272758324328547,0.5610327390905487,0.6065845960530699,normal
192,tcp,http,16512,37232,SF,1,0,2,3,0,1,5,1,1,1,4,0,0,0,19,67,0.42038162652701694,0.26483212450953375,0.9426693208223269,0.3078047250366407,0.01766844559492453,0.5707990849916633,0.6811461985065439,27,44,0.7378112748962736,0.8898201802344164,0.4299731023060662,0.04010465118942497,0.8171611573838429,0.8528780935950423,0.05549523375511756,0.2000016258494579,u2r
216,tcp,ftp,34422,11900,S0,0,0,0,0,3,1,5,1,0,7,4,0,0,0,125,32,0.5650171262516331,0.8746357106367314,0.13740692267026444,0.8932849925212014,0.6442536698468356,0.7872073014756321,0.19619488212220304,2,115,0.9530436864151071,0.837142761348013,0.6637108507603913,0.241879568284603,0.3672390537637701,0.5350842446461855,0.6309844034435467,0.7029672397948092,r2l
68,udp,smtp,3893,7685,SH,1,1,0,4,2,0,8,1,1,3,2,1,2,1,113,36,0.9929269218219869,0.8655288644388868,0.7783336843637246,0.3358475198262235,0.6548049600656198,0.371934615977208,0.27876460890782817,37,0,0.15945248116350585,0.2563868562181497,0.6367011875105738,0.026032679446172602,0.4561694225552886,0.9690030063639689,0.48582510595804074,0.11206684787670351,r2l
275,udp,domain,47449,14643,SF,0,2,2,0,3,0,5,0,0,7,4,0,2,0,20,147,0.5459192482804265,0.7406822613397215,0.09398550527971106,0.872238192139064,0.2340067670928977,0.18140599357409382,0.7683835781528838,222,47,0.4730362327442086,0.538872099660896,0.20752509172352918,0.5699264266058728,0.7441741779197675,0.817283953815053,0.8204189402916521,0.6006216037418121,u2r
40,udp,domain,25726,46452,SF,0,2,2,2,4,1,8,1,1,2,3,0,1,0,9,148,0.49511473592684063,0.40845063492905287,0.8082236408571212,0.1366219591282991,0.20030553706840526,0.5085585339009382,0.6560416856749348,202,136,0.009680436078035926,0.47548410808524655,0.7981829216123869,0.18918039854596447,0.6854091752179888,0.2530332840632571,0.12593351001580544,0.34360198205268655,normal
193,tcp,domain,5727,42854,RSTO,0,1,1,2,4,1,5,1,0,3,1,0,0,0,174,49,0.4764761915436624,0.6785748914281431,0.21385420050177484,0.024873336010868385,0.995025561291197,0.5178571272804869,0.7191186867252947,4,142,0.8443886440338223,0.7214617585313488,0.9205542284386796,0.08516973721518661,0.31896344496375884,0.5875685980348295,0.37660239063536105,0.912132237404469,normal
253,icmp,http,18769,1553,S0,1,2,1,4,4,0,7,0,1,7,1,1,3,0,51,153,0.6067650979294879,0.0694003489853271,0.43552702935120025,0.575658199309032,0.035138002833047244,0.7573485578832845,0.29078484304517205,99,29,0.9248570717849561,0.9181076540858503,0.05112053826092,0.2100418747069165,0.4052869599319171,0.5374189307940695,0.4082459414667886,0.5679443574153473,r2l
190,icmp,http,20894,10453,RSTO,0,0,2,1,4,1,5,0,0,1,2,0,4,1,130,12,0.4706116219420158,0.07240846741428641,0.32168645519618166,0.4205062994070714,0.5075993158891499,0.09283163705680653,0.9320448472685982,18,178,0.4278287747503251,0.18767268175043583,0.6649349598329816,0.18236301070742633,0.14376392160553653,0.38129986316472475,0.0363949871063346,0.8934510475406601,u2r
156,udp,http,35720,41287,SH,0,1,1,2,4,0,4,0,0,0,0,1,4,1,48,92,0.6947674399103576,0.4447062833997987,0.32459915775105397,0.6039092549430304,0.2767004687997089,0.49134931668103576,0.7202288569642469,83,230,0.5934633618535191,0.7077615658439387,0.9949069704081576,0.7916222950395277,0.3760658676238674,0.9990249359764225,0.312571484529514,0.937087815141605,dos
45,udp,smtp,49193,34426,SF,1,2,1,3,1,1,9,1,0,2,4,1,1,0,23,15,0.5334343941433478,0.5965648048050323,0.5524556400736624,0.8603836300476982,0.9683494604880267,0.04012303579629817,0.16194187929364212,93,13,0.031412889494807694,0.8587599458484853,0.747631062575548,0.293367022998998,0.2336030816911222,0.02762070923620985,0.5758474884774112,0.3823327058250753,dos
283,icmp,ssh,12899,37722,SF,0,1,1,4,2,1,2,0,1,6,3,1,3,0,180,60,0.4533310875432526,0.46689989696553114,0.4782053308897595,0.6219080453828091,0.7999460847950439,0.9617556721607198,0.39741192614858833,155,172,0.6797464508007587,0.10349561043862521,0.10195711100208116,0.12584827931913323,0.6666587408584884,0.8529132387082721,0.7107872227728492,0.3175274915273083,r2l
166,icmp,ssh,39722,39504,RSTO,0,2,1,3,2,0,8,1,0,6,3,1,2,1,70,3,0.71642648445773,0.4840523379968452,0.8788079074038408,0.24684936207266195,0.1527042133119464,0.4052455403017423,0.9451265559427048,124,76,0.052252515233492725,0.4959210539805857,0.9056656871291394,0.9348886308224208,0.2890076677564901,0.4505612242431689,0.2711459434125598,0.7614350484658619,normal
243,tcp,http,6521,12880,REJ,0,0,1,1,0,1,8,1,1,9,3,1,2,1,109,24,0.9551280919054964,0.12018316074469915,0.0477543048492014,0.36264099134910777,0.41595982402817233,0.9551731804513901,0.7965424218325104,76,88,0.7025612152436691,0.833475127537088,0.7803230555083995,0.6664608853158146,0.8295616152115453,0.8276306782168287,0.22784793320286112,0.1890745326603115,u2r
83,icmp,ftp,42715,33165,REJ,0,0,2,4,0,1,1,0,0,6,2,0,4,0,181,191,0.9564669924993274,0.1147749086665264,0.021942500459702696,0.6253163058869553,0.9062861295651089,0.9462739214737961,0.10930629833298355,48,213,0.4818368065250811,0.2117018298367911,0.003583263378537538,0.7126842748807279,0.488235754319876,0.5294627319515733,0.08936644239770852,0.636347857128426,normal
249,udp,ftp,31951,22356,REJ,0,2,0,0,4,0,2,1,0,7,4,1,0,0,108,49,0.7723654929207706,0.5511532531055312,0.8971349434766065,0.6780565604443229,0.4197867803216103,0.8777930118582198,0.06821948594340987,117,125,0.5116817650871408,0.5506046076823682,0.40560026626000156,0.3671319530366475,0.7953153959633379,0.7072352454989949,0.625050085698,0.2851578157018144,normal
37,tcp,ssh,48150,8637,SH,1,0,2,1,4,1,0,0,1,7,4,0,2,1,79,150,0.6410690034327682,0.2865131990543023,0.11404342131385181,0.8210614926829644,0.584347218737768,0.841594539544107,0.28414892399402036,24,127,0.8914121098438819,0.7720790206381708,0.12907383147412022,0.5739443392335711,0.7164267434780901,0.29286211139032214,0.5503595095558419,0.6831740813704532,u2r
118,icmp,ssh,10204,25844,SH,0,0,1,4,1,0,8,0,1,5,4,0,0,1,17,153,0.2569123284483239,0.7143141725919842,0.7341754749323841,0.5934201061950656,0.7175776355174838,0.9386053639763277,0.46481653586527594,91,163,0.2550201155221459,0.24457883550656656,0.9429046671924363,0.5803271004986976,0.4585705293916237,0.6289921761578511,0.7316454364465773,0.009843900919875415,dos
57,tcp,domain,34065,45492,REJ,0,2,2,0,4,0,7,1,0,3,4,0,4,1,147,53,0.09356044614884984,0.0687883086828559,0.3616780369209416,0.8646618774481464,0.18393388851680592,0.5705113686560245,0.7618215879488939,218,205,0.9321052968232616,0.4144477813262042,0.08648729344355788,0.766379489064161,0.2305691225407781,0.3243079480944763,0.8384539960598446,0.5916016597036221,dos
170,tcp,http,21107,24628,RSTO,0,2,2,0,0,1,7,1,0,2,2,0,4,0,136,61,0.369772134516274,0.6453762144821462,0.4696966354015957,0.34412458097857024,0.7416579113674717,0.47804225311043635,0.47799596111906073,200,171,0.16121858326079297,0.06936172533971174,0.8725648424499399,0.260469844358199,0.7535732920429261,0.826479122044424,0.2903773664031678,0.02616448139937022,u2r
213,udp,http,45303,49915,RSTO,1,0,2,0,1,1,1,1,1,9,3,0,1,1,117,73,0.07711214007189116,0.38216356905862414,0.6174463139889502,0.7228653567661949,0.5715778809814898,0.07232318675789684,0.4981860070756411,154,253,0.7725755557841641,0.5119595068809583,0.1314144540790929,0.9136365912740468,0.47830837430909146,0.8126709231124827,0.06326820457333593,0.4369086044465399,probe
276,icmp,ftp,6925,38478,RSTO,0,0,2,3,4,0,3,0,1,5,0,1,1,0,7,186,0.2872182503737817,0.7411261254445135,0.5633317985446686,0.12514507383534812,0.7012894859015273,0.5204778094143055,0.8016010342359268,96,142,0.48456000122235865,0.10041811439672876,0.7857482365915783,0.5700309941154497,0.7261849833764866,0.11197133619170563,0.04792755092526535,0.5434795341767835,dos
239,icmp,ssh,42820,12096,SH,1,1,0,3,3,1,3,0,0,4,2,1,3,0,64,67,0.44879112731884263,0.5391115682658689,0.29025989114373907,0.7257094852601219,0.9736593285608499,0.4314348960123172,0.28754292033186546,102,34,0.49195518037715513,0.8300654979338369,0.20439960546916636,0.48371430801241166,0.9287936614979501,0.7981825176763736,0.4644311023363854,0.919507195416585,probe
27,tcp,ssh,1087,38286,RSTO,0,1,1,4,0,0,1,0,1,3,2,0,1,0,125,54,0.2110261611463211,0.8770460711370749,0.5554465736321927,0.36240577789122963,0.09948359801479989,0.9638993026060649,0.11941920821491347,21,70,0.3024276317417067,0.43379039840260125,0.5217122375614052,0.6745788158817027,0.6473959554709486,0.9064346389865382,0.6087623928938533,0.5934297149425627,r2l
212,udp,smtp,13471,47228,SF,0,0,2,2,1,0,0,0,1,8,3,0,0,1,77,156,0.6296961170986505,0.817660626860046,0.32387718146899724,0.006893457044548912,0.006188525826650193,0.5877248817310458,0.13243871991108336,228,77,0.40098059818741105,0.12570250359713953,0.4155832927669072,0.9544879116670202,0.2628982977592972,0.08454087863633408,0.5074842822906004,0.9450244121813234,normal
82,udp,http,9901,8895,REJ,1,1,1,1,3,1,5,1,0,5,4,0,1,0,152,130,0.28512445156082655,0.23217905964701657,0.582979020390073,0.4980445508319177,0.9862872312324045,0.6563921096338561,0.16447665165351166,110,201,0.7575127166286407,0.8133459891507933,0.3010381203588508,0.6835353777902973,0.5186069437029982,0.5615717991963557,0.4659150880565841,0.45289564977962093,r2l
173,udp,smtp,45652,21814,SH,0,0,1,2,3,1,4,1,1,1,3,1,4,1,168,51,0.017965417251305293,0.7139026155453171,0.7507622826300289,0.9944723148699287,0.42582430578874086,0.2234419015784419,0.20705175800468678,243,142,0.5422530082603304,0.3240710392880848,0.3048784830317648,0.7509858529633454,0.5351124486067829,0.09482880691390416,0.23554999911222763,0.8374233237720033,u2r
223,icmp,ssh,32317,48738,SF,1,2,2,0,3,1,2,1,1,6,1,1,4,0,67,83,0.9842937588693241,0.33166146081178194,0.3132930882665653,0.9955542163718339,0.7167524550928658,0.26465532130709524,0.7460931975202806,113,98,0.9369290001786204,0.5612361699593785,0.18797417916660886,0.47766868438575827,0.32470106572224466,0.4370305603569141,0.4188591258420339,0.8102748586712778,probe
163,udp,ssh,2376,26364,SH,0,1,1,4,2,1,1,0,1,0,1,1,4,1,184,21,0.5484524064371624,0.7077264039274659,0.25777146148059915,0.12035331877780442,0.010572672212835199,0.9559950057856677,0.1883252517892663,192,37,0.32369754713309906,0.6231497248321258,0.4250606149038252,0.0008521995771882951,0.5905003702557318,0.1597571487359094,0.9736404042044442,0.0826528033559858,r2l
39,icmp,smtp,16256,1973,REJ,1,2,1,2,3,0,3,1,0,0,4,1,2,0,58,40,0.8220386427438404,0.7354142212637674,0.3798364817091032,0.5220843285654667,0.6255618711778654,0.7788576792046342,0.21404524586370377,36,203,0.32925925094016717,0.7445160322917146,0.7888101060010634,0.7136968893492193,0.5052020679581817,0.9505546701389437,0.022442695732736717,0.896759013174729,r2l
208,icmp,smtp,46460,49218,REJ,0,2,2,4,2,0,0,1,0,0,2,1,1,1,4,117,0.990339219375198,0.34155580880547975,0.681452506721154,0.8377430299777174,0.162191947299288,0.7024486744676622,0.45285865661990465,77,151,0.5919478462285388,0.9241457702896542,0.09875708996376509,0.5540277336382146,0.25321958395098065,0.7433363007146884,0.0713886015030829,0.3426281467159621,u2r
175,udp,http,6679,29982,SH,1,2,1,4,3,0,7,0,0,8,1,1,2,0,98,13,0.14462840322712434,0.7771824585213286,0.8306060445885123,0.357567762840619,0.23236002041066806,0.1478739366757672,0.8662378159628984,163,186,0.49201229547733505,0.4536267295297908,0.1680042781115907,0.8376803275084498,0.7982946894417148,0.8124122550540454,0.3224621127341829,0.2633191206253026,probe
42,udp,ftp,14040,8533,SF,0,0,2,2,3,1,7,1,0,3,2,1,0,1,186,134,0.7257522036750491,0.6518573653490888,0.6159127019636786,0.8648689686174166,0.7083779888963938,0.16741418946959208,0.6958024276726432,27,219,0.9626004134160472,0.07473486121913442,0.6565964929057573,0.6044679650747358,0.3713618082935263,0.6172872231597958,0.8048084853217683,0.9832920779908871,normal
179,icmp,ftp,48087,44196,SH,1,0,1,3,0,1,3,0,1,3,4,0,4,0,144,133,0.26375103147544077,0.10888900914620414,0.5286066294476496,0.17130003631962532,0.6467599725395368,0.6222190838412452,0.6199278286509079,119,43,0.25374604651552357,0.7285140221515451,0.022293017044336283,0.1373104485797405,0.041023246525955126,0.6341887474951019,0.6058037927408025,0.4551695118637137,u2r
275,icmp,ssh,49483,21988,SH,0,2,1,0,2,1,2,0,0,8,2,0,3,0,184,11,0.4732296604938041,0.13772596481539656,0.11597933180650011,0.5411671053160061,0.2606272552284057,0.06199573613463227,0.7574391179757366,227,237,0.7062049702466914,0.08994716730684704,0.9091495162958324,0.9127505482803357,0.21186326696173485,0.20635625726562223,0.2784789342789711,0.11225804549036156,u2r
139,udp,domain,32516,41936,SH,0,2,0,2,2,1,2,1,1,7,1,1,0,0,77,26,0.7710100600757361,0.26109729326538655,0.09590963714683076,0.2803978367404121,0.998706818141994,0.7147972469712538,0.7706806247711777,71,96,0.1320897002856818,0.9339871290034919,0.9421726511400145,0.47239828781413984,0.9570895920827784,0.050091270847101965,0.9441068873155305,0.815450532008878,u2r
92,udp,http,27369,1004,S0,0,0,0,0,0,1,4,0,1,2,0,0,2,0,103,191,0.1440218941259792,0.4880327845661083,0.7293941173190206,0.19237688621223925,0.5878076706422422,0.8032888906167485,0.9906693957759231,90,227,0.8546194163834502,0.6623748153766686,0.6222227212588777,0.3696317848437659,0.9086824165042094,0.6329956218976579,0.8396045081733989,0.3440161452047983,normal
2,udp,ftp,33800,44326,S0,0,2,0,0,1,0,2,1,0,9,3,0,1,1,162,50,0.15699958745175357,0.7650456212283986,0.1307324128137588,0.026333058292533518,0.10023733022546233,0.08003349019025441,0.46966617301360947,207,109,0.27372331132547423,0.628169761885644,0.49622283460465466,0.3346754420452248,0.10128984167465005,0.6959188035350521,0.6964750480035298,0.22507893695319292,probe
264,udp,http,36083,4615,RSTO,0,1,2,3,4,0,4,0,1,1,4,0,4,0,4,85,0.9584389126332589,0.39064063041675623,0.3411986198606879,0.9415275613604042,0.9052244319217444,0.005567932722396862,0.12620306754517296,149,228,0.5427556347717297,0.22954935352853767,0.22595648437419602,0.7972618424825175,0.48068080889366593,0.15225559356284546,0.8639771900113874,0.8532763226529702,r2l
114,udp,ssh,4894,38327,S0,0,2,2,2,1,0,1,0,0,0,3,0,2,1,136,188,0.968744109460799,0.9827782863859209,0.41258573747290017,0.20980199379744935,0.2842533249520858,0.39959020804509127,0.7231902885110143,171,27,0.010609818482315791,0.30073702111728273,0.5775265912625832,0.5237524311458206,0.8116272665807999,0.0805564503292382,0.8989032838820323,0.8702702269516682,dos
51,udp,ftp,9266,25866,RSTO,0,1,0,0,3,1,0,0,0,0,3,0,4,0,144,149,0.1950001981241838,0.44833550630554997,0.9943593023312247,0.36228781750160477,0.9763136997370367,0.7039479235535442,0.5873461495433954,230,52,0.7646103393585908,0.6824745613684167,0.007174787401074134,0.17310021827686917,0.5012282245912663,0.258418911695692,0.039677271309687234,0.4039160287532514,probe
7,tcp,ssh,32668,33470,SH,0,0,1,1,3,1,9,1,1,8,4,1,2,0,76,30,0.08022657250642007,0.31563850624478185,0.9720313520232895,0.6725820565333448,0.5254310730265656,0.5600715577017745,0.9917006373407008,4,76,0.5683849084258307,0.589025010467433,0.10594389457744813,0.616005092464756,0.32031982873573095,0.12900560249346815,0.7203048634009975,0.16266232602918562,probe
116,icmp,domain,5621,2892,RSTO,0,2,0,2,4,1,7,1,1,4,2,1,0,1,173,104,0.4441229979588214,0.8494130737583915,0.5694855592963416,0.8764659153001083,0.8465912436518473,0.9569599850644495,0.8535222420181513,210,183,0.2519372890201377,0.6981019726521731,0.4416154151557271,0.7550623551980796,0.49318628268415243,0.5839885431587816,0.07659307268277127,0.7063177057317238,normal
189,icmp,smtp,19673,14392,S0,0,0,1,2,1,1,5,0,0,2,4,0,1,1,5,140,0.9375338177820726,0.3875369662765189,0.7580613656463278,0.03617988281396478,0.21058772135738513,0.061010443951132864,0.5596158580616271,48,159,0.3407219659676016,0.5163254405161336,0.6505469392529292,0.24918946522406782,0.8634172840168844,0.5916912854212171,0.05421107526847513,0.6214946670366034,r2l
57,tcp,ftp,45740,30056,S0,1,0,1,2,2,1,3,0,0,3,3,1,3,0,151,57,0.8385709648524043,0.2929573275104054,0.26126213969997014,0.4437031746766146,0.7290830465472867,0.17165889684379287,0.429131047613285,35,228,0.9908684135849989,0.20892089477935272,0.8152664392589916,0.30670900851701655,0.5190695561229426,0.804954184511685,0.12520706772781165,0.6461662769119128,u2r
146,tcp,http,4274,1670,REJ,0,0,0,2,0,0,0,1,0,6,0,1,2,0,51,121,0.4674377446023896,0.46769062761301083,0.9247404846914775,0.6945320972375867,0.02066061009865161,0.14449377989362078,0.23137618269171722,164,170,0.13435535922956077,0.26170848770908817,0.017237531906999948,0.7860704897824995,0.38155187646306243,0.3508987268335533,0.12459546555610412,0.5270111547767807,u2r
245,tcp,ssh,11830,14371,SF,0,0,2,4,2,0,7,0,0,5,1,1,3,1,133,52,0.620365141028706,0.07282709042113755,0.5272533936904923,0.21096167064200289,0.4358731700892401,0.010939683553130242,0.6433792248004461,9,144,0.9662138434748078,0.9520841153694379,0.16566733143062207,0.17085001992446203,0.2648804274698302,0.7442231574806417,0.7893373222649673,0.2916927088157176,r2l
269,udp,smtp,9236,183,SH,1,0,2,3,1,1,5,1,0,2,2,0,1,1,38,80,0.5397032429054327,0.6593916904605079,0.661057714617842,0.5028346262701683,0.9218626995504309,0.5905662096257386,0.6726535517194754,39,197,0.5496677553869279,0.3627727973885002,0.6564797096384978,0.3211301308487826,0.3067289237096077,0.09992680085070738,0.9523414567898836,0.8762055473202215,u2r
52,tcp,ftp,12453,31983,SF,1,1,2,1,2,1,2,1,1,2,0,0,0,0,26,156,0.6462767441930596,0.8636407370206326,0.8435700705977195,0.20657090163110536,0.1417296201761754,0.903037453595245,0.34666206719535186,131,95,0.9293086172020635,0.13519508844083072,0.27060646265381594,0.9720930424524696,0.11491591298152715,0.0075039477928440235,0.1940376200010272,0.4636549356413844,probe
294,udp,smtp,3070,874,SH,1,1,1,2,3,0,6,0,0,6,0,0,2,1,26,64,0.7882475830861465,0.5271554559834816,0.5178376539312368,0.05079354676713954,0.8057002366925686,0.748686456799805,0.04072506613247662,50,104,0.5139626437664028,0.27087331263116043,0.3897139621658785,0.6593735971335465,0.7845693058538199,0.5487533691350206,0.9124988844253428,0.32278957647484163,dos
186,tcp,ssh,25601,28021,SF,1,0,2,1,1,0,6,0,1,2,2,0,4,0,68,146,0.41150047746716834,0.0036450662590146177,0.8868817806251998,0.17704503070926503,0.08166066719880849,0.6194147370831702,0.31892081484433144,238,127,0.42942988052252207,0.4987892337826112,0.7401180650784596,0.5712811042901553,0.47762618848551863,0.47548640259659514,0.34930214281287353,0.4296343895483177,r2l
80,udp,ftp,35039,46587,REJ,1,1,0,1,4,1,4,1,0,2,3,1,2,1,76,100,0.33005850133848824,0.4104307373472541,0.10635173494231354,0.1304583085164075,0.07339333107216217,0.39079732796356104,0.9436809669643063,176,151,0.28085601155900475,0.30666525301594916,0.04284273390033644,0.0056099782608015625,0.10966890972551258,0.6503278858848398,0.7890391690904548,0.5733878139066554,u2r
91,tcp,http,11905,46135,SF,1,2,0,1,1,1,1,1,1,8,0,1,3,1,134,44,0.971141371812635,0.9816315986669717,0.5262314226469745,0.3905848305970516,0.8121118027167763,0.6804953330918062,0.35841362477843686,56,95,0.11650525031753756,0.08652745288112118,0.2209265843726016,0.6460608655012269,0.6757653915536241,0.30546588757486615,0.0160387793772514,0.4838850892594355,normal
38,tcp,smtp,40458,34805,SF,1,2,2,2,0,1,6,1,0,3,3,1,0,1,97,139,0.629626474489535,0.9178561323196079,0.9182580976474511,0.9666596058621696,0.7573936320881594,0.2672265317583694,0.046223889240657345,235,45,0.9559497791941098,0.4731453735835034,0.6184857748075117,0.4776763295775803,0.26110717408532336,0.6895269946790997,0.33671074616522356,0.6307449699681195,dos
